image,Nose_x,Nose_y,Nose_v,Neck_x,Neck_y,Neck_v,R-Sho_x,R-Sho_y,R-Sho_v,R-Elb_x,R-Elb_y,R-Elb_v,R-Wr_x,R-Wr_y,R-Wr_v,L-Sho_x,L-Sho_y,L-Sho_v,L-Elb_x,L-Elb_y,L-Elb_v,L-Wr_x,L-Wr_y,L-Wr_v,R-Hip_x,R-Hip_y,R-Hip_v,R-Knee_x,R-Knee_y,R-Knee_v,R-Ank_x,R-Ank_y,R-Ank_v,L-Hip_x,L-Hip_y,L-Hip_v,L-Knee_x,L-Knee_y,L-Knee_v,L-Ank_x,L-Ank_y,L-Ank_v,R-Eye_x,R-Eye_y,R-Eye_v,L-Eye_x,L-Eye_y,L-Eye_v,R-Ear_x,R-Ear_y,R-Ear_v,L-Ear_x,L-Ear_y,L-Ear_v
000030.jpg,408,224,0.9273563,342,241,0.67306244,307,224,0.69360405,208,274,0.93284625,324,256,0.83694774,391,258,0.71086717,374,324,0.7593074,425,391,0.7548523,241,389,0.4822098,25,557,0.10839126,424,607,0.7337733,275,391,0.4045545,224,506,0.71512276,108,572,0.64277244,392,207,0.87059414,424,207,0.8757958,358,207,0.8766217,,,
000030.jpg,158,174,0.7020901,74,208,0.47628152,75,223,0.53033113,208,158,0.5724099,,,,58,207,0.2964219,,,,,,,,,,374,490,0.7748356,,,,,,,,,,,,,158,158,0.8445191,,,,125,158,0.8042787,,,
000031.jpg,553,467,0.8469068,510,575,0.66645515,423,575,0.43186298,272,707,0.48133087,314,857,0.43283236,597,575,0.52485955,662,728,0.61643136,684,641,0.39216205,445,902,0.409967,359,576,0.55831206,314,857,0.3098673,574,902,0.41444063,,,,,,,531,446,0.78407556,554,445,0.8469699,467,466,0.7132224,531,98,0.7180579
000031.jpg,467,119,0.8660737,488,227,0.7987366,402,227,0.77532,381,401,0.66657823,315,554,0.5537818,575,227,0.67535526,618,357,0.6090103,619,447,0.56731814,445,446,0.544807,,,,,,,574,445,0.44139463,,,,,,,446,97,0.8794374,489,97,0.9283429,425,119,0.48628977,,,
000031.jpg,,,,,,,,,,,,,444,293,0.76993597,,,,,,,,,,,,,,,,,,,,,,,,,,,,,,,,,,,,,,,
000032.jpg,321,137,0.86539215,363,194,0.8098652,764,223,0.8879871,778,267,0.9920918,650,282,0.8000467,393,195,0.78242016,408,281,0.7582739,721,267,0.18948428,307,339,0.634336,307,455,0.60282314,321,569,0.69578934,351,353,0.5722111,351,455,0.5857679,364,584,0.72919476,321,137,0.41690925,734,136,0.8404726,750,180,0.91424674,720,180,0.7004986
000032.jpg,721,137,0.87569934,735,223,0.9177403,321,194,0.80727845,292,225,0.11590527,749,267,0.3489115,707,223,0.8419956,693,280,0.84360105,349,279,0.7321456,749,324,0.7099595,735,410,0.83456516,750,483,0.84113604,708,323,0.73987615,707,410,0.9367379,707,496,0.8439146,720,136,0.78122044,335,136,0.9283826,693,123,0.83470935,364,136,0.9530626
000032.jpg,550,121,0.84847856,535,150,0.87003106,665,167,0.7256397,650,237,0.83962864,506,238,0.8972493,550,151,0.843553,549,195,0.46784702,550,237,0.41605473,678,295,0.8074882,678,369,0.78724074,678,454,0.8703531,537,239,0.67199934,536,323,0.7014357,535,383,0.81612176,549,108,0.88246137,562,108,0.802557,535,108,0.9125395,564,122,0.5932586
000032.jpg,,,,,,,521,137,0.86087877,494,193,0.74779963,207,123,0.84402394,,,,,,,,,,521,239,0.7625393,535,310,0.814391,478,353,0.9062929,,,,,,,,,,,,,,,,,,,,,
000032.jpg,,,,,,,,,,249,180,0.82409465,,,,,,,,,,,,,,,,,,,,,,,,,,,,,,,,,,,,,,,,,,
000033.jpg,531,180,0.9159173,543,205,0.7590345,518,204,0.8159685,506,230,0.7941446,532,232,0.6546231,568,219,0.8605431,519,269,0.541103,481,293,0.5771173,556,331,0.30690822,532,417,0.24569023,,,,556,332,0.53051156,543,418,0.6048633,569,505,0.40240353,530,169,0.8052083,556,193,0.9354588,,,,554,169,0.6903817
000033.jpg,,,,,,,,,,,,,,,,,,,,,,518,231,0.39610413,505,256,0.45757756,,,,,,,,,,,,,,,,,,,,,,,,,,,
000034.jpg,440,324,0.738532,544,367,0.6061386,499,355,0.6396341,471,457,0.47523582,413,528,0.2544912,601,368,0.6428656,514,500,0.707353,412,470,0.7338912,471,629,0.1849842,,,,,,,530,660,0.20272398,,,,,,,414,310,0.78351444,442,310,0.90244496,384,311,0.7654533,456,311,0.23155043
000034.jpg,530,254,0.7237162,414,354,0.67964154,369,354,0.72098386,369,383,0.60162985,413,470,0.14722542,469,354,0.53309715,485,326,0.17221063,456,283,0.27501285,398,485,0.38017464,,,,,,,456,485,0.1994907,,,,,,,515,238,0.8686739,558,239,0.8924945,499,252,0.6638679,600,254,0.72946745
000034.jpg,,,,,,,,,,,,,398,339,0.6326394,,,,,,,,,,,,,,,,,,,,,,,,,,,,,,,,,,,,,,,
000035.jpg,380,228,0.9393908,380,294,0.84652567,315,313,0.7718257,619,401,0.16777118,75,488,0.706401,424,294,0.7412556,445,381,0.6434895,902,488,0.58565974,315,488,0.70618296,335,640,0.6210635,336,815,0.5781835,401,488,0.6778992,380,640,0.7122842,358,836,0.7085694,379,227,0.7963621,401,227,0.92137694,793,228,0.27996144,423,228,0.8328731
000035.jpg,814,228,0.9129718,140,271,0.83829933,466,271,0.84114736,814,381,0.1454416,271,445,0.8709421,185,272,0.7210479,576,380,0.70174867,271,445,0.119605795,619,468,0.6369572,207,619,0.4691707,75,793,0.77850246,683,488,0.6473203,858,619,0.65444493,706,814,0.7082778,141,185,0.90514183,749,228,0.97374463,358,227,0.7292334,640,205,0.7354176
000035.jpg,162,206,0.9298739,511,272,0.81621104,76,271,0.8482011,293,381,0.6498651,,,,771,293,0.8687672,903,380,0.6512352,576,467,0.7434485,488,467,0.68118423,772,640,0.4925138,510,793,0.5966111,554,467,0.7005787,162,619,0.84406817,250,814,0.6339211,663,227,0.9056511,249,184,0.9528603,510,205,0.8018471,271,184,0.9445725
000035.jpg,,,,250,250,0.78838545,814,293,0.7605798,74,380,0.7210186,,,,293,250,0.86261046,706,401,0.6961861,425,423,0.5214134,837,466,0.5659669,119,619,0.78952265,793,793,0.5921389,793,467,0.5560625,662,641,0.7425406,554,793,0.39987803,,,,,,,119,185,0.93411386,,,
000035.jpg,,,,,,,207,251,0.68822,445,358,0.22020145,,,,,,,294,337,0.41337502,727,294,0.59809154,119,466,0.63458705,511,619,0.7463908,,,,184,447,0.66027486,,,,814,793,0.51219684,,,,,,,,,,,,
000035.jpg,,,,,,,,,,,,,,,,,,,,,,,,,208,446,0.53355086,,,,,,,,,,,,,141,793,0.7479207,,,,,,,,,,,,
000036.jpg,250,399,0.9577657,185,415,0.8959191,170,415,0.8035557,185,448,0.75471497,329,464,0.73466855,201,415,0.85838526,202,447,0.5412705,426,449,0.7460021,185,480,0.9404456,185,529,0.8654141,394,579,0.88219756,395,465,0.82286525,395,529,0.8768553,411,578,0.89287555,250,399,0.89354014,265,398,0.85724336,250,399,0.11745807,394,367,0.6983906
000036.jpg,379,381,0.7520862,380,399,0.87320316,362,399,0.9222854,332,432,0.9977,218,464,0.95504004,410,399,0.8340028,282,432,0.9602587,282,463,0.7911237,,,,,,,170,578,0.7523153,282,464,1.0192713,267,529,1.0633248,281,578,0.81977224,378,367,0.81538767,379,367,0.8004823,185,383,0.7907977,297,367,0.81002975
000036.jpg,,,,265,415,0.8559094,,,,,,,,,,283,400,0.9526902,428,431,0.8022675,,,,,,,,,,,,,,,,,,,,,,,,,,,,377,368,0.44462436,,,
000037.jpg,333,182,0.90866,371,260,0.80518275,313,259,0.7904181,332,356,0.81783485,446,374,0.5875963,446,260,0.65024126,466,375,0.70153135,370,374,0.45342833,313,509,0.49304205,313,702,0.27731428,,,,390,528,0.5247867,352,702,0.31704497,,,,332,163,0.8659485,352,163,0.8637973,,,,408,181,0.7221775
000037.jpg,256,106,0.9006108,295,200,0.58859086,,,,199,298,0.38073048,180,297,0.25124744,350,183,0.38607657,200,298,0.4506596,179,279,0.43174538,237,432,0.53006613,217,568,0.22008932,,,,295,432,0.21358606,,,,,,,239,105,0.7898201,275,104,0.82004845,,,,314,106,0.8620563
000038.jpg,378,264,0.8022301,344,281,0.59267604,260,283,0.5926359,227,418,0.10495066,243,572,0.59009296,429,264,0.43520477,446,332,0.40958223,428,453,0.53475785,243,538,0.39906216,76,639,0.6939921,,,,362,571,0.34206176,328,623,0.122035936,,,,361,246,0.6754645,396,247,0.8357738,327,213,0.72673243,294,128,0.84924763
000038.jpg,244,213,0.8160667,277,196,0.51556337,178,213,0.6342072,177,366,0.66670835,227,486,0.6183315,345,179,0.3133616,0,25,0.11558519,,,,,,,,,,,,,,,,,,,,,,226,196,0.7084421,245,179,0.7333249,,,,,,
000038.jpg,,,,,,,,,,0,25,0.21507873,,,,,,,,,,,,,,,,,,,,,,,,,,,,,,,,,,,,,,,,,,
000039.jpg,673,339,0.48239762,746,412,0.37555397,732,400,0.25339463,571,528,0.33154312,673,556,0.20330268,747,413,0.57331514,630,485,0.7454829,,,,413,182,0.22417828,413,239,0.15725787,412,297,0.1077651,427,194,0.19330512,427,239,0.14027661,441,297,0.12270409,660,298,0.5407919,703,339,0.10718297,615,268,0.8270676,732,340,0.12197846
000039.jpg,266,210,0.113155596,572,355,0.34678066,558,369,0.51839805,,,,,,,588,355,0.23156963,,,,,,,,,,,,,,,,,,,,,,,,,254,197,0.11817872,268,196,0.13013278,,,,,,
000039.jpg,,,,413,121,0.18572259,399,110,0.18459877,,,,,,,440,110,0.14505589,,,,,,,,,,,,,,,,,,,,,,,,,,,,,,,,,,,,
000040.jpg,310,170,0.89030904,309,241,0.7510703,239,222,0.66142696,186,206,0.1667996,203,206,0.26525927,364,260,0.728415,345,350,0.28974298,345,295,0.6750414,185,404,0.45947263,273,584,0.28374648,239,744,0.5229752,257,439,0.50232583,257,583,0.6511264,238,744,0.46471852,310,152,0.8938248,328,170,0.90344,292,153,0.5044729,346,187,0.84625065
000040.jpg,,,,,,,,,,,,,,,,,,,,,,,,,26,330,0.10859821,167,583,0.7030242,150,743,0.6185114,116,331,0.15245335,97,528,0.10354048,,,,,,,,,,,,,,,
000040.jpg,,,,,,,,,,,,,,,,,,,,,,,,,,,,0,475,0.11867885,,,,,,,,,,,,,,,,,,,,,,,,
000041.jpg,291,277,0.72974485,0,708,0.15016097,347,419,0.15917277,151,475,0.7268648,291,545,0.52891284,79,743,0.29170516,202,438,0.11606462,115,171,0.44176754,311,527,0.17030275,329,635,0.63355434,328,778,0.72247523,274,493,0.121775664,205,599,0.3346044,133,724,0.3345013,327,223,0.63802904,309,277,0.5338914,274,153,0.7397633,27,670,0.44467553
000041.jpg,133,81,0.999314,327,420,0.2750904,151,295,0.5504591,451,278,0.13657482,132,187,0.11860439,293,420,0.2442905,132,153,0.14480358,,,,417,296,0.24541363,488,278,0.24204575,470,368,0.24981184,27,259,0.10379511,434,456,0.63851815,222,635,0.26730517,115,80,0.8226998,150,80,0.8037558,452,116,0.50009483,328,332,0.34275877
000041.jpg,,,,169,258,0.4099657,434,170,0.7431366,487,187,0.94023556,470,134,0.5886607,487,151,0.1541439,,,,,,,60,259,0.19591229,,,,,,,416,295,0.15353368,488,278,0.14555334,434,563,0.7572851,,,,,,,97,98,0.72971624,399,98,0.3991337
000041.jpg,,,,400,153,0.6385424,132,135,0.37552717,133,151,0.26656187,,,,381,151,0.58326244,,,,,,,,,,,,,,,,,,,,,,,,,,,,,,,,,,168,98,0.8741166
000041.jpg,,,,97,134,0.5058171,,,,,,,,,,61,133,0.36006472,,,,,,,,,,,,,,,,,,,,,,,,,,,,,,,,,,,,
000042.jpg,27,170,0.2535292,258,207,0.7291812,0,243,0.42201376,26,351,0.6938342,0,513,0.49684414,292,207,0.6518426,0,423,0.119837135,0,512,0.124797754,0,479,0.10611982,167,550,0.6103352,98,712,0.645472,257,422,0.59751993,294,550,0.62483305,345,694,0.5357373,26,153,0.51168257,363,134,0.12487619,0,171,0.6242679,487,135,0.97522694
000042.jpg,434,133,0.95281327,470,189,0.8952667,239,207,0.73410034,170,315,0.72308517,203,405,0.72431505,523,190,0.71296495,542,333,0.35903838,542,334,0.10321381,204,423,0.57208186,417,533,0.6433549,398,676,0.69548464,506,387,0.6044356,542,532,0.5260484,,,,417,100,0.8949215,451,117,0.9586074,294,134,0.80824673,,,
000042.jpg,,,,,,,399,135,0.81863534,362,206,0.548147,44,333,0.5147492,452,135,0.33387744,,,,,,,434,388,0.64786124,,,,,,,,,,,,,,,,,,,,,,416,100,0.379313,,,
000042.jpg,,,,,,,,,,,,,293,190,0.28423443,,,,,,,,,,,,,,,,,,,,,,,,,,,,,,,,,,,,,,,
000043.jpg,204,367,0.8683108,256,384,0.4738001,220,351,0.22788063,238,438,0.10036047,169,386,0.7872766,274,385,0.58816516,239,474,0.12994707,345,473,0.6083897,327,493,0.5338378,327,617,0.45045468,311,673,0.43565008,292,511,0.5381029,381,601,0.31615442,151,654,0.33574638,187,350,0.47027767,220,366,0.77075833,345,313,0.6394408,239,349,0.8499429
000043.jpg,365,331,0.8223139,364,367,0.7127821,328,350,0.68838525,309,421,0.10600833,542,349,0.21311468,400,367,0.6516,381,439,0.76016456,416,314,0.13461822,168,386,0.5769845,151,527,0.63413,133,655,0.7001839,239,386,0.44075704,221,600,0.76369894,292,654,0.6135435,363,314,0.93882674,381,314,0.8513954,204,205,0.89528024,399,314,0.4521522
000043.jpg,256,223,0.82682604,221,242,0.8413791,167,243,0.6942593,150,332,0.79385954,,,,274,242,0.8167796,310,313,0.75459427,274,313,0.6170418,523,349,0.57399446,487,509,0.7011852,470,653,0.71231425,452,332,0.5289212,418,494,0.6202298,398,654,0.70409894,239,206,0.94038737,257,206,0.96206635,523,99,0.13565011,470,98,0.9063231
000043.jpg,,,,505,170,0.36364138,542,170,0.12418537,,,,,,,451,170,0.7152236,399,259,0.67295086,,,,,,,,,,,,,,,,,,,,,,,,,,,,,,,,,
000044.jpg,257,205,0.89255834,204,296,0.7394997,150,330,0.6684025,309,332,0.6547436,311,206,0.43757442,258,278,0.6725578,416,368,0.84540945,380,457,0.8115833,132,583,0.5022812,275,546,0.7700549,203,762,0.6912097,204,582,0.32212296,381,618,0.77307713,239,727,0.18763418,239,189,0.864295,380,171,0.74342746,186,224,0.83157116,400,188,0.71922517
000044.jpg,362,188,0.7594005,380,261,0.72924745,345,276,0.70918715,,,,,,,400,260,0.69923675,310,331,0.23247847,,,,345,457,0.63568276,,,,311,726,0.5835856,399,458,0.5778767,309,546,0.16368121,381,743,0.7377002,345,187,0.7462416,,,,,,,,,
000045.jpg,310,207,0.82212585,327,277,0.8995278,275,277,0.81481785,133,349,0.8611576,167,438,0.85999614,380,277,0.7715478,398,367,0.74384177,399,439,0.6786167,309,456,0.6299982,310,582,0.7605032,184,725,0.6143368,364,456,0.6502825,362,582,0.7191856,345,707,0.71285784,293,205,0.8507728,327,205,0.8825896,291,207,0.6063418,345,205,0.72453266
000045.jpg,221,187,0.9163964,203,243,0.78056556,150,259,0.7811905,,,,,,,257,242,0.83788073,,,,398,312,0.5707435,185,440,0.6079172,168,582,0.7436871,327,708,0.63843703,240,439,0.5734939,239,582,0.80633867,238,707,0.6327367,204,170,0.9380834,238,170,0.85205543,185,170,0.8141461,239,171,0.4491849
000046.jpg,221,368,0.6882437,115,475,0.70973504,45,492,0.5202225,44,690,0.779706,186,762,0.7642097,168,458,0.6328763,293,564,0.73729837,239,762,0.10526222,78,762,0.2378477,,,,,,,168,726,0.3408874,275,817,0.11721183,,,,204,350,0.704172,398,224,0.6204685,133,367,0.8972438,,,
000046.jpg,382,258,0.68122613,291,296,0.6533257,204,296,0.6229118,257,457,0.66947615,399,546,0.5261539,363,296,0.67267406,434,420,0.71391875,453,528,0.5877688,204,599,0.20323054,,,,,,,292,618,0.1638757,,,,,,,380,224,0.8224551,,,,310,206,0.8960889,,,
000047.jpg,381,366,0.83151394,396,398,0.76143813,348,398,0.7037473,332,448,0.65152866,379,465,0.58220214,430,398,0.632906,459,447,0.5840313,412,464,0.64945424,364,497,0.6782202,363,578,0.61792165,88,659,0.7073728,428,497,0.5945874,413,578,0.62426186,411,659,0.7393151,379,350,0.988068,396,350,0.97998875,363,351,0.45500934,412,350,0.6970722
000047.jpg,380,170,0.81555355,266,252,0.6912926,218,252,0.68884116,346,334,0.6167749,56,432,0.80725485,315,236,0.5097696,461,317,0.54647356,171,300,0.1717209,88,414,0.57075316,89,545,0.74514914,348,645,0.6012207,153,399,0.6550578,137,513,0.7087644,137,611,0.79255766,364,154,0.90935045,395,154,0.8387017,348,169,0.6569277,412,155,0.7410251
000047.jpg,122,138,0.8278935,396,236,0.87654775,347,237,0.7681765,186,333,0.7087754,332,384,0.46419823,445,220,0.77305907,184,301,0.2657416,,,,250,383,0.59554416,250,497,0.76419353,234,610,0.69873965,315,382,0.5028381,330,497,0.6377847,316,610,0.4858864,105,122,0.8610331,137,122,0.91607606,73,122,0.80891764,153,122,0.14786805
000047.jpg,,,,105,204,0.8487446,40,204,0.7130758,24,333,0.769719,235,333,0.6457836,169,204,0.7723236,,,,,,,379,383,0.39228097,,,,,,,443,382,0.38085714,,,,,,,,,,,,,,,,,,
000048.jpg,209,131,0.8239017,231,213,0.77376634,170,213,0.8519493,168,355,0.5864408,131,457,0.6723535,309,213,0.7677301,349,336,0.726877,370,458,0.73083526,189,437,0.5284004,190,638,0.4993336,250,823,0.4885317,270,437,0.52498925,268,639,0.4540856,249,822,0.28794086,190,111,0.92765194,229,111,0.88801634,289,71,0.9223695,251,111,0.7582238
000048.jpg,349,90,0.80377024,,,,250,132,0.43647584,,,,,,,,,,330,194,0.112366766,,,,,,,,,,,,,,,,,,,,,,330,71,0.863463,349,71,0.4251258,,,,,,
000049.jpg,292,160,0.8450921,309,212,0.8305828,273,212,0.73883945,241,297,0.63977313,158,127,0.5517222,359,212,0.82123125,258,298,0.10115161,374,161,0.9108697,158,382,0.53138554,174,518,0.16607378,291,671,0.6078423,224,398,0.5261448,175,534,0.70055383,192,687,0.59553385,291,144,0.9171038,308,144,0.9640063,275,145,0.114446886,341,144,0.87646073
000049.jpg,191,144,0.9243306,192,212,0.8015738,157,211,0.71911985,140,195,0.43297622,,,,242,212,0.7379926,408,195,0.8875091,,,,275,381,0.58427876,275,534,0.6279252,,,,341,381,0.55903774,341,534,0.6987429,375,670,0.68642116,175,128,0.7843825,207,128,0.76623636,174,144,0.36592743,224,143,0.8825113
000050.jpg,378,157,0.77283454,156,230,0.76262134,111,231,0.8233764,245,322,0.7074569,276,396,0.65778214,394,216,0.6784503,319,290,0.10344197,305,261,0.19481468,184,380,0.5535281,200,485,0.20358162,392,575,0.25397715,229,365,0.4837381,274,471,0.22001466,394,560,0.22337805,141,156,0.85603017,379,156,0.84725624,126,156,0.75537527,185,156,0.49001724
000050.jpg,156,157,0.84351313,363,216,0.75844145,214,231,0.6832116,141,320,0.796189,304,261,0.5323439,274,202,0.62158424,408,276,0.10879055,200,246,0.23017296,273,367,0.49715692,290,484,0.47430876,454,545,0.37074095,319,351,0.56466377,378,455,0.5510789,483,501,0.55996513,363,156,0.8583986,170,155,0.85888505,334,156,0.9384262,,,
000050.jpg,245,156,0.9797607,244,216,0.74942815,319,230,0.74257827,319,306,0.7403607,185,275,0.5472828,,,,,,,,,,379,365,0.48721817,408,455,0.2468548,,,,437,350,0.464835,513,395,0.6107604,,,,230,142,0.95422506,246,142,0.8207062,200,156,0.85615957,,,
000051.jpg,314,186,0.95581466,330,251,0.8424497,265,235,0.7290391,217,282,0.13883866,185,267,0.8425537,395,267,0.7246428,459,365,0.73455083,347,348,0.7132082,251,381,0.2217917,120,479,0.6773543,104,656,0.7202538,346,397,0.24474928,202,495,0.61427826,233,673,0.25861257,299,170,0.8402586,330,170,0.8716374,297,170,0.15381075,364,186,0.8325063
000051.jpg,121,89,0.9069512,137,154,0.901378,73,169,0.7208652,72,283,0.8509438,,,,201,153,0.7504923,297,204,0.49075693,283,204,0.14876322,121,380,0.42685702,313,398,0.3619356,378,592,0.2521989,217,365,0.414482,297,478,0.4379413,137,673,0.59612626,105,73,0.86742574,137,72,0.9026315,89,88,0.4233553,169,73,0.79695463
000051.jpg,,,,,,,,,,,,,,,,,,,,,,,,,,,,,,,,,,,,,411,382,0.1787557,,,,,,,,,,,,,,,
000052.jpg,257,188,0.845903,257,241,0.8308513,221,241,0.77744,221,296,0.8054269,238,260,0.61566424,362,205,0.744406,328,277,0.98860013,275,277,0.9119604,239,385,0.6255721,239,512,0.5974923,257,671,0.63010746,310,385,0.53609186,291,527,0.54721624,346,654,0.68287015,239,187,0.8769651,328,134,0.91837776,222,188,0.62410486,345,134,0.8592057
000052.jpg,,,,221,0,0.22089568,185,26,0.17640726,,,,,,,,,,,,,,,,257,313,0.10785289,,,,,,,257,117,0.11649447,,,,,,,309,133,0.7100167,,,,276,133,0.6739032,,,
000052.jpg,,,,,,,,,,,,,,,,,,,,,,,,,240,134,0.17549086,,,,,,,,,,,,,,,,,,,,,,,,,,,
000053.jpg,259,119,0.91971576,275,183,0.8350075,165,167,0.7694066,149,262,0.829226,212,230,0.8329431,321,183,0.8433497,338,278,0.7925971,307,230,0.81152874,182,342,0.5503471,180,470,0.749719,180,582,0.69070876,306,342,0.55385435,213,469,0.65888506,211,565,0.6591013,227,87,0.9496147,275,119,0.94730824,243,134,0.22181748,291,120,0.73832566
000053.jpg,,,,197,166,0.7022295,,,,,,,,,,229,166,0.5937934,,,,,,,,,,274,469,0.61947054,352,549,0.61561143,242,342,0.48019028,306,454,0.5942885,321,565,0.6909286,,,,,,,196,87,0.94294155,,,
000054.jpg,257,225,0.74027663,310,260,0.88715667,363,242,0.6343363,380,330,0.66817635,328,367,0.5043377,274,276,0.6946649,257,367,0.7230797,292,314,0.8857603,364,422,0.65384614,381,564,0.7796749,381,690,0.7572975,310,438,0.64767265,311,565,0.72278935,451,707,0.44999963,256,224,0.59006923,257,223,0.73093075,328,223,0.39882368,275,206,0.5320273
000054.jpg,,,,,,,,,,434,259,0.17445531,434,259,0.11639654,363,224,0.29630867,364,331,0.18571055,417,260,0.14832579,,,,,,,,,,416,420,0.34275094,,,,328,707,0.7455935,,,,,,,,,,,,
000054.jpg,,,,,,,,,,,,,,,,,,,238,295,0.26165518,,,,,,,,,,,,,,,,,,,,,,,,,,,,,,,,,
000055.jpg,0,244,0.24183145,49,262,0.5615245,50,245,0.3880407,49,264,0.10383628,462,284,0.5976008,48,263,0.78945994,127,322,0.11557981,0,342,0.39020208,285,459,0.48032522,304,655,0.6233825,323,830,0.6250056,363,459,0.47645146,363,674,0.63924384,303,791,0.20199937,481,185,0.5940317,0,243,0.32355842,29,224,0.14220509,0,225,0.77765286
000055.jpg,481,186,0.48998612,342,262,0.7066437,284,244,0.728184,441,263,0.7646624,286,185,0.45078015,383,263,0.8419107,422,342,0.40693036,402,323,0.33891496,166,382,0.4674024,108,518,0.774256,69,635,0.7476328,146,383,0.57175964,167,518,0.72799426,204,636,0.6690181,325,165,0.7800964,363,166,0.9548584,462,185,0.74877477,382,185,0.42875928
000055.jpg,344,184,0.82371336,541,224,0.74860424,541,224,0.2843339,264,226,0.51310396,,,,,,,30,322,0.7841878,500,304,0.7486464,541,304,0.42730832,541,399,0.25293264,541,460,0.18188994,520,321,0.7463939,0,382,0.1267232,520,460,0.49764588,,,,107,128,0.14454491,304,166,0.70916146,521,185,0.38264418
000055.jpg,,,,147,206,0.63111174,441,205,0.8592633,,,,,,,,,,499,264,0.74066246,,,,441,303,0.28683478,,,,,,,,,,520,400,0.6877386,,,,,,,,,,,,,108,146,0.4571061
000055.jpg,,,,,,,167,205,0.5618866,,,,,,,,,,,,,,,,,,,,,,,,,,,,,,,,,,,,,,,,,,,,,
000056.jpg,285,116,0.84045553,265,201,0.75384957,200,220,0.7166822,179,328,0.77753466,157,434,0.7351,349,200,0.76072705,432,305,0.61490357,370,348,0.47244233,243,454,0.6012368,73,645,0.15485796,284,855,0.57332134,349,454,0.605347,348,665,0.7090778,200,834,0.28312162,265,95,0.77392995,306,115,0.83891803,242,95,0.7099448,327,115,0.24366452
000056.jpg,,,,200,74,0.5318157,116,74,0.5732155,95,264,0.8073017,,,,264,73,0.28995535,,,,,,,53,391,0.1496937,264,666,0.7332807,,,,243,263,0.11344979,,,,329,834,0.5700897,,,,,,,,,,,,
000056.jpg,,,,,,,,,,,,,,,,,,,,,,,,,179,306,0.10190866,,,,,,,,,,,,,,,,,,,,,,,,,,,
000057.jpg,257,438,0.95063543,274,511,0.82050174,203,510,0.7411278,150,618,0.80483747,186,548,0.79759115,329,512,0.6629288,345,636,0.79895234,275,564,0.8598892,203,708,0.5679817,,,,,,,292,725,0.5752135,,,,,,,239,421,0.9756679,275,421,0.9503224,221,422,0.38516235,310,421,0.64854306
000057.jpg,274,206,0.9100805,257,278,0.85697854,151,278,0.7829463,116,440,0.6997201,221,350,0.8360047,362,278,0.78249747,381,439,0.82940966,310,349,0.8344326,186,512,0.3198805,,,,,,,310,511,0.28003484,,,,,,,256,188,0.9226751,292,188,0.9312552,221,188,0.94043803,311,187,0.805885
000058.jpg,372,203,0.7954296,373,246,0.38342494,346,246,0.23063272,,,,,,,389,232,0.6933976,345,273,0.78742146,289,273,0.782702,414,372,0.2817094,403,457,0.6441941,472,512,0.44755015,430,359,0.37853253,331,416,0.10187932,204,301,0.103961684,346,203,0.7983624,360,190,0.6641232,316,232,0.8635794,,,
000058.jpg,,,,,,,,,,,,,,,,,,,,,,430,245,0.15299371,,,,120,218,0.24262838,49,358,0.3535351,,,,190,219,0.108350515,,,,,,,,,,,,,,,
000059.jpg,265,220,0.89285254,363,302,0.5730992,331,286,0.32931542,153,384,0.6644705,119,482,0.62496275,393,318,0.6224373,346,416,0.7149484,265,417,0.78978825,248,497,0.31693342,201,628,0.28896677,137,745,0.12660442,378,515,0.2552091,,,,,,,314,252,0.8982828,331,253,0.84042484,218,203,0.72714454,378,253,0.89865524
000059.jpg,,,,265,269,0.78120154,201,285,0.71949905,,,,,,,315,253,0.5835452,,,,,,,,,,,,,,,,,,,,,,,,,249,204,0.91630113,280,204,0.8362081,,,,298,203,0.84221834
000060.jpg,266,391,0.93884975,197,496,0.8076364,111,477,0.5853017,42,408,0.74180627,163,287,0.6910944,282,530,0.70299315,248,669,0.76135355,163,582,0.7620761,76,773,0.32228538,,,,,,,181,792,0.29923534,,,,,,,249,373,0.8866962,283,375,0.83789283,197,372,0.65786105,,,
000060.jpg,163,165,0.94803095,129,218,0.73926616,94,234,0.7680699,77,321,0.73211455,,,,180,217,0.82998115,197,287,0.67181534,248,303,0.6184187,111,425,0.5178237,,,,,,,179,408,0.49335495,,,,,,,145,148,0.8604323,179,147,0.8771026,94,148,0.84216136,,,
000061.jpg,328,241,0.88139313,291,294,0.70956343,239,279,0.75445837,238,386,0.67805123,309,438,0.41769972,399,276,0.7260696,399,367,0.87804294,327,404,0.7012623,221,455,0.49272305,400,564,0.16726059,415,690,0.16127913,293,456,0.32761765,275,510,0.33451447,204,654,0.3225372,328,224,0.8456683,345,224,0.9441612,256,224,0.6751573,381,223,0.905702
000061.jpg,,,,381,276,0.7318283,345,277,0.6156901,,,,,,,,,,,,,,,,364,420,0.3852174,222,511,0.19316706,150,653,0.16877547,415,438,0.56701666,,,,,,,,,,,,,,,,,,
000062.jpg,416,491,0.72890025,433,546,0.48479313,381,564,0.41648576,452,474,0.38711134,452,385,0.24719778,471,528,0.5158112,310,295,0.388102,257,313,0.1070667,522,544,0.20526505,185,564,0.64792114,149,743,0.61617136,168,402,0.34522533,257,546,0.59080046,273,690,0.51881087,398,474,0.6505469,416,457,0.79802984,380,492,0.20939662,434,457,0.30469063
000062.jpg,452,295,0.93713915,488,365,0.67858535,435,385,0.74451834,488,295,0.2041152,293,312,0.56730855,542,331,0.5353204,,,,256,187,0.26951978,186,403,0.5056041,,,,293,672,0.5190508,309,402,0.4755139,,,,,,,434,295,0.8976593,452,277,0.85183704,417,313,0.72356653,470,276,0.40160665
000062.jpg,469,116,0.87492543,309,205,0.77930385,453,205,0.6544063,203,312,0.7501448,,,,346,207,0.74025166,,,,,,,,,,,,,,,,,,,,,,,,,451,116,0.7924546,309,134,0.84963906,434,133,0.6229985,328,151,0.8381852
000062.jpg,291,135,0.7644769,505,171,0.55282164,186,187,0.75237346,,,,,,,151,171,0.53406364,,,,,,,,,,,,,,,,,,,,,,,,,239,97,0.8293621,469,98,0.90206724,203,98,0.8859024,486,81,0.45936513
000062.jpg,,,,168,186,0.6505012,,,,,,,,,,542,152,0.33576706,,,,,,,,,,,,,,,,,,,,,,,,,,,,,,,,,,,,
000063.jpg,338,149,0.7719935,386,211,0.68782884,353,211,0.6413386,292,275,0.7784787,385,290,0.7351794,431,212,0.67944497,447,290,0.43282133,101,369,0.6550551,339,368,0.46234095,197,527,0.5374615,196,669,0.57276857,401,369,0.52685004,134,511,0.56910145,132,668,0.56301546,337,148,0.32362092,353,148,0.79224086,243,118,0.84459645,385,149,0.8242648
000063.jpg,290,86,0.93131393,180,181,0.82521784,228,195,0.64186543,,,,,,,133,166,0.6836115,101,276,0.69424945,447,306,0.25021124,197,369,0.49117512,353,495,0.62895155,369,606,0.54988575,133,369,0.5040511,400,495,0.71250147,416,620,0.64159626,275,72,0.76615524,291,71,0.87839264,,,,323,70,0.8183973
000063.jpg,,,,321,134,0.7984137,,,,,,,,,,368,133,0.62248594,385,196,0.10376273,,,,275,291,0.40978974,,,,,,,337,291,0.3160635,321,464,0.30543163,322,606,0.37525785,,,,,,,,,,,,
000064.jpg,215,144,0.77327454,141,218,0.8135901,67,234,0.60706234,96,369,0.62318516,155,474,0.58537585,304,203,0.72420776,362,293,0.20025401,304,308,0.13628222,199,429,0.2974995,349,519,0.26228106,436,609,0.18354705,304,398,0.3644991,364,490,0.46703705,467,580,0.71091855,201,142,0.8524288,230,128,0.9450336,95,143,0.75480247,260,128,0.6715579
000064.jpg,140,128,0.802248,260,204,0.6719361,216,218,0.61059594,,,,,,,201,203,0.5802775,,,,,,,,,,,,,,,,,,,,,,,,,111,127,0.90574783,141,112,0.90441006,,,,157,113,0.32777736
000065.jpg,276,112,0.81777716,171,156,0.82126766,111,170,0.72825676,111,261,0.7983501,112,351,0.7372826,350,156,0.6894894,410,187,0.7076272,393,246,0.82093084,156,366,0.5409618,156,515,0.63592404,157,648,0.58211905,230,365,0.5662108,245,499,0.64759475,260,619,0.6920338,274,111,0.8210954,289,97,0.93675774,260,112,0.1467658,318,97,0.7031537
000065.jpg,169,96,0.80648905,305,156,0.7916808,260,156,0.70628244,,,,,,,230,156,0.6642611,,,,,,,304,304,0.6243,304,411,0.65950316,363,514,0.41120481,350,291,0.5458642,350,410,0.50015074,379,501,0.4886818,155,82,0.8931685,171,81,0.8420822,141,83,0.66634274,200,81,0.87624145
000066.jpg,390,266,0.79905385,450,359,0.8510083,388,343,0.7056193,358,436,0.60824174,328,450,0.6821395,512,374,0.6826107,543,497,0.509242,466,497,0.7522649,420,587,0.43773186,420,696,0.45712942,0,664,0.108410686,497,588,0.45059484,512,696,0.1334446,68,696,0.34993798,391,251,0.6743332,420,252,0.92892104,252,206,0.13648055,282,282,0.9332931
000066.jpg,236,237,0.91043836,221,283,0.68454087,175,237,0.6121888,145,174,0.74375373,144,83,0.689344,266,328,0.64780784,267,405,0.8575479,190,450,0.85810053,99,451,0.5275078,38,649,0.13333325,,,,221,512,0.5374334,251,696,0.48352948,,,,251,221,0.80472875,266,238,0.7473949,160,161,0.14883474,467,268,0.7229915
000066.jpg,191,175,0.86247116,,,,,,,,,,,,,,,,,,,190,298,0.7194073,,,,23,572,0.6063909,,,,145,481,0.29466164,83,573,0.7333267,,,,190,159,0.8156438,221,161,0.7860467,,,,250,191,0.40365204
000067.jpg,197,166,0.8575681,335,254,0.7775527,128,254,0.812935,111,360,0.7928996,95,413,0.22131155,421,255,0.727629,421,447,0.62696254,351,448,0.71186,300,518,0.36735088,300,748,0.5988541,129,746,0.7411483,420,484,0.37955278,196,589,0.75542176,197,746,0.73971295,180,149,0.9523904,213,149,0.8129916,145,166,0.89894396,385,132,0.6837477
000067.jpg,335,149,0.9169201,180,237,0.8441691,250,238,0.6390098,,,,180,343,0.7920608,215,219,0.792428,265,203,0.26941317,267,202,0.64460653,146,430,0.60313666,130,589,0.7441606,,,,214,430,0.62628603,402,501,0.6170701,403,712,0.6908501,317,131,0.9529648,352,131,0.90805906,283,149,0.9253697,,,
000068.jpg,311,451,0.7484766,62,494,0.134126,61,495,0.24595775,272,603,0.5572308,285,634,0.13858451,63,494,0.16934446,660,521,0.61514556,674,563,0.11188201,270,634,0.28015053,174,604,0.6857979,,,,243,634,0.23375422,188,604,0.5662591,,,,298,438,0.87157184,312,438,0.8786608,270,452,0.8275649,688,410,0.23192245
000068.jpg,159,396,1.1772007,271,507,0.65116894,271,507,0.7741916,91,536,0.77758104,103,606,0.751788,257,494,0.53451926,215,508,0.8741509,215,550,0.58792126,118,589,0.6137986,,,,,,,90,590,0.40717545,,,,,,,730,396,0.18156424,172,382,0.91026473,717,409,0.7976442,187,395,0.76830614
000068.jpg,938,341,0.10738317,702,452,0.90584266,730,452,0.838118,744,522,0.732102,771,590,0.75813377,661,452,0.7909064,,,,954,368,0.14376415,717,577,0.58361566,,,,,,,674,577,0.5668712,,,,,,,146,383,0.9481546,,,,118,396,0.89878833,,,
000068.jpg,,,,104,451,0.70153874,117,452,0.7876147,925,355,0.13588554,,,,90,438,0.61702937,,,,,,,174,535,0.69229823,,,,,,,200,535,0.71556365,,,,,,,,,,,,,,,,,,
000068.jpg,,,,187,438,0.881679,925,341,0.26243055,,,,,,,202,438,0.81971097,,,,,,,938,382,0.13912137,,,,,,,940,381,0.127717,,,,,,,,,,,,,,,,,,
000068.jpg,,,,938,341,0.26498434,,,,,,,,,,939,341,0.2138701,,,,,,,,,,,,,,,,,,,,,,,,,,,,,,,,,,,,
000069.jpg,363,171,0.8249789,382,261,0.7539833,362,260,0.5964257,293,352,0.6620492,221,386,0.64982456,417,261,0.7642636,380,405,0.83392286,204,352,0.528392,344,441,0.5928049,204,460,0.68784076,169,676,0.39273745,381,477,0.5373836,205,496,0.20786752,169,676,0.42000026,347,153,0.8258339,381,154,0.8099291,,,,418,171,0.8128387
000069.jpg,274,134,0.918495,,,,,,,,,,,,,,,,,,,311,334,0.6457449,,,,,,,,,,294,387,0.18567738,168,423,0.43985415,,,,258,117,0.9126294,292,117,0.9935262,,,,328,117,0.94678646
000070.jpg,327,224,0.9201821,202,296,0.6197738,133,314,0.65824884,186,421,0.48117238,291,402,0.7621855,257,278,0.42641735,452,366,0.81905353,380,403,0.836791,150,475,0.27193668,275,564,0.3464302,202,653,0.26484066,240,474,0.22563075,345,547,0.67730975,346,707,0.4064159,257,241,0.88248205,274,223,0.13486551,204,260,0.79673344,381,188,0.90809387
000070.jpg,,,,362,260,0.7396968,292,277,0.826928,276,366,0.69042766,,,,417,260,0.8048274,,,,,,,311,458,0.55142045,203,474,0.24475023,,,,398,457,0.5844268,,,,,,,,,,345,206,0.8564602,,,,,,
000071.jpg,221,260,0.98596656,292,314,0.88801605,239,314,0.8083487,132,386,0.8265837,115,404,0.37544325,328,314,0.8224825,381,386,0.93623424,257,404,0.5489421,151,457,0.68303084,327,476,0.40924233,256,602,0.45425045,327,440,0.5161897,292,441,0.68862283,328,602,0.52950925,204,243,0.88841105,292,243,0.8782683,257,261,0.86273485,239,260,0.28509232
000071.jpg,,,,202,297,0.7477893,150,296,0.80774045,,,,132,315,0.7091027,239,314,0.807663,256,369,0.5790519,380,332,0.79022783,257,441,0.44546843,,,,328,602,0.2231204,221,440,0.58757967,,,,,,,,,,,,,,,,310,260,0.91558594
000071.jpg,,,,,,,,,,,,,,,,,,,,,,,,,,,,,,,398,548,0.13618957,,,,,,,,,,,,,,,,,,,,,
000072.jpg,26,295,0.37121284,293,384,0.7009671,115,365,0.7916039,150,490,0.89104223,240,419,0.79066366,416,402,0.5649008,452,596,0.51662064,416,615,0.48570418,134,597,0.21519023,,,,,,,345,687,0.13491309,,,,,,,26,294,0.53305155,44,348,0.11034567,0,364,0.111833796,380,241,0.6084045
000072.jpg,187,293,0.70260125,149,365,0.6380965,,,,,,,44,401,0.15914236,169,365,0.54692423,,,,,,,,,,,,,,,,186,580,0.16526708,,,,,,,168,259,0.82167184,26,294,0.1090439,0,293,0.3080594,,,
000072.jpg,328,240,0.83689773,,,,,,,,,,,,,,,,,,,,,,,,,,,,,,,,,,,,,,,,309,204,0.81539583,203,275,0.7750605,115,276,0.7453751,,,
000072.jpg,,,,,,,,,,,,,,,,,,,,,,,,,,,,,,,,,,,,,,,,,,,,,,347,221,0.74986774,256,222,0.8046159,,,
000073.jpg,524,226,0.23185587,473,243,0.8276011,489,243,0.774533,389,277,0.5832235,157,377,0.9064484,456,243,0.9101068,439,277,0.967148,323,326,0.8028433,206,393,0.52205104,208,513,0.47831222,240,664,0.5523176,273,393,0.56886667,274,512,0.53452075,273,663,0.58595425,524,210,0.14987667,524,210,0.1857517,524,225,0.14549273,456,225,0.63453114
000073.jpg,390,210,0.91301477,389,243,0.96604997,373,243,0.8670578,173,278,0.6639535,406,309,0.7091085,307,192,0.77756995,,,,423,294,0.7442522,388,311,0.78426725,471,377,0.8604489,473,429,0.8225057,455,311,0.8234061,389,377,0.82332677,456,443,0.8490778,389,209,0.9578613,405,209,0.89675844,373,211,0.898848,275,93,0.75462353
000073.jpg,240,108,0.94251555,256,177,0.75233155,191,176,0.8273168,,,,,,,,,,,,,,,,,,,,,,373,428,0.8782143,,,,,,,,,,224,92,0.9152641,256,92,0.9454791,223,107,0.31670186,,,
000074.jpg,0,413,0.2688166,427,441,0.98729765,0,427,0.122085035,385,483,0.7744699,138,500,0.48881927,456,441,0.8932992,79,470,0.24700195,455,498,0.8047074,702,514,0.63386655,702,572,0.710964,688,629,0.74210066,731,513,0.6530541,732,572,0.7285272,730,643,0.70062554,0,412,0.20673351,0,412,0.2859994,413,412,0.8462117,0,412,0.20966187
000074.jpg,428,412,0.8604774,0,426,0.36562657,399,441,0.7394004,137,471,0.8543994,399,500,0.7716374,94,427,0.7394726,747,470,0.653517,195,427,0.13397372,413,513,0.7402001,544,514,0.7700087,557,601,0.69367003,587,441,0.73585486,586,515,0.4953536,586,601,0.27938947,427,399,0.8282808,441,411,0.83868897,123,398,0.6004451,442,412,0.6088773
000074.jpg,731,383,0.6923338,109,427,0.85070646,688,426,0.8826016,688,470,0.93487155,731,455,0.91669047,21,427,0.46654353,470,470,0.844252,746,455,0.6975256,543,441,0.8297409,165,514,0.8233761,383,585,0.79719067,442,513,0.7116571,688,499,0.13117266,440,600,0.70288306,718,383,0.7890976,428,281,0.78862906,702,384,1.0102174,107,398,0.3580224
000074.jpg,427,282,0.9432899,703,426,0.8431155,166,383,0.7874042,181,412,0.96639836,514,441,0.8225538,718,426,0.71238685,35,442,0.3260755,0,441,0.31171086,384,428,0.6357504,369,514,0.81158906,268,557,0.87216496,688,427,0.35484,441,557,0.77303785,325,558,0.745792,426,281,0.8241013,572,267,0.9351007,166,353,0.59055156,138,354,0.17624868
000074.jpg,558,269,0.79326856,153,382,0.7116413,528,325,0.84415466,514,384,0.8033533,354,426,0.7132022,152,382,0.66108936,166,412,0.13183056,616,427,0.32204318,659,427,0.62045753,659,498,0.38364494,151,571,0.8823005,153,455,0.60176164,152,514,0.6310939,688,528,0.12520254,239,253,0.14734253,122,267,0.8140407,399,282,0.87916315,572,268,0.4466161
000074.jpg,109,269,0.7771354,558,325,0.92991626,371,324,0.6693272,354,369,0.727989,37,412,0.76160884,455,325,0.7892142,615,383,0.8159937,456,426,0.6084241,79,413,0.7730705,267,485,0.8186175,672,541,0.3097823,296,411,0.6839778,298,485,0.77705985,152,570,0.47860596,557,267,0.8923688,687,254,0.7900874,659,266,0.14047107,702,253,0.91494805
000074.jpg,674,267,0.9000811,413,325,0.8540625,65,311,0.8864615,50,368,0.7786491,239,398,0.8945389,600,325,0.825498,469,383,0.76762813,717,397,0.13317001,267,399,0.6740299,65,485,0.73740065,,,,,,,,,,,,,108,267,0.91610885,253,253,0.9269393,80,269,0.72723776,268,253,0.94009393
000074.jpg,252,267,0.77458715,94,311,0.9038181,660,311,0.7165295,253,353,0.74926066,,,,123,311,0.89077497,731,369,0.5137002,298,411,0.71203387,,,,,,,,,,,,,,,,,,,672,266,0.73521584,,,,543,268,0.81801045,,,
000074.jpg,,,,689,311,0.75575656,254,295,0.7781728,,,,,,,718,310,0.7402993,137,355,0.54373544,137,383,0.20214674,,,,,,,,,,,,,,,,,,,,,,,,,,,,,,
000074.jpg,,,,282,295,0.8366361,,,,,,,,,,298,295,0.69520485,311,354,0.8180676,,,,,,,,,,,,,,,,,,,,,,,,,,,,,,,,,
000075.jpg,189,126,0.40380174,165,158,0.7101919,174,158,0.54274327,294,182,0.8281205,277,183,0.35495186,157,158,0.5426821,149,135,0.5788433,155,117,0.6129619,198,208,0.5518484,326,207,0.7307565,326,255,0.65203786,188,208,0.46403793,253,199,0.2957314,253,248,0.50730395,293,126,0.15102573,,,,174,134,0.50506127,253,118,0.39115316
000075.jpg,,,,261,142,0.51276284,237,135,0.81680304,204,149,0.59183836,319,166,0.6707194,246,134,0.3045262,,,,,,,285,199,0.32849896,285,200,0.528172,270,248,0.58420146,,,,,,,,,,188,126,0.411252,,,,285,126,0.73333037,214,111,0.23239829
000075.jpg,,,,221,135,0.8110729,,,,,,,197,134,0.57233834,206,135,0.5547255,,,,,,,,,,,,,,,,,,,,,,,,,,,,,,,237,116,0.6758851,,,
000076.jpg,204,125,0.5148397,299,186,0.272321,300,178,0.10632841,,,,,,,301,195,0.5615088,169,247,0.79785573,152,308,0.7093739,239,282,0.21509181,,,,,,,230,283,0.28078654,456,299,0.6892061,351,301,0.15548219,,,,213,126,0.5401384,,,,281,220,0.2070206
000076.jpg,,,,212,177,0.4412042,213,176,0.28431866,,,,,,,204,178,0.660298,352,238,0.6697156,404,283,0.71259683,395,195,0.12135789,,,,,,,404,178,0.29346102,,,,,,,,,,,,,,,,229,143,0.74632615
000077.jpg,504,228,0.8177589,419,293,0.69728166,398,293,0.7619747,419,424,0.7167316,461,552,0.5413014,354,271,0.7862949,375,402,0.53349036,311,489,0.6205852,418,533,0.5838454,418,728,0.7147762,203,945,0.32777038,462,532,0.5095599,547,727,0.74129224,332,923,0.21910322,503,227,0.7671976,289,185,0.7482427,461,227,0.8523226,311,184,0.94713694
000077.jpg,268,206,0.89700603,290,271,0.89165664,225,271,0.77108765,162,424,0.7955034,267,490,0.73428303,118,250,0.65330476,,,,,,,203,532,0.5298441,225,728,0.5177611,375,902,0.22519074,139,532,0.38172916,333,707,0.49100453,460,902,0.6282939,247,184,0.8800562,,,,225,163,0.9191764,139,142,0.2925872
000077.jpg,,,,140,271,0.70763963,376,98,0.2728847,,,,,,,333,98,0.4754017,,,,,,,,,,,,,,,,332,511,0.53992707,,,,,,,,,,,,,,,,,,
000077.jpg,,,,354,98,0.41153166,,,,,,,,,,,,,,,,,,,,,,,,,,,,332,206,0.12021399,,,,,,,,,,,,,,,,,,
000078.jpg,221,202,0.89955294,427,246,0.7949666,405,256,0.8257884,361,267,0.59248936,274,246,0.8436113,220,234,0.61662984,481,288,0.7391615,491,333,0.74811643,178,310,0.69629496,113,397,0.5261448,459,498,0.22119486,471,343,0.6291398,481,431,0.658991,501,498,0.40949932,211,200,0.762968,222,201,0.76275915,199,201,0.8194337,297,201,0.7256253
000078.jpg,329,180,0.9405141,200,233,0.62909454,255,213,0.7218685,306,245,0.26132336,,,,297,223,0.7436742,307,256,0.15070435,555,299,0.6670747,437,345,0.56350166,459,440,0.6508839,113,485,0.6213784,189,311,0.6451664,536,388,0.6090003,556,485,0.7034769,319,179,0.8724469,296,191,0.8493359,275,191,0.68431044,349,178,0.7051384
000078.jpg,405,222,0.8745535,276,223,0.8134598,308,211,0.75800467,232,255,0.8154642,,,,458,235,0.7087297,232,266,0.29133934,242,277,0.46849498,102,289,0.6696002,190,376,0.73399,189,442,0.7808344,523,300,0.5762177,113,388,0.55532175,135,420,0.7468933,383,169,0.88178843,394,169,0.90993285,318,179,0.3100062,427,212,0.85917175
000078.jpg,188,158,0.9298252,414,202,0.42566344,427,191,0.6857405,,,,,,,361,201,0.89118844,372,244,0.22528012,328,245,0.14034492,253,289,0.78888035,426,365,0.19499853,501,431,0.12819389,286,289,0.8063088,427,365,0.24093325,428,409,0.24613589,178,147,0.86625165,190,148,0.7862521,157,146,0.81857836,470,136,0.8914214
000078.jpg,448,146,0.8992293,339,202,0.8446711,157,189,0.631969,,,,,,,502,179,0.8016203,535,235,0.6949157,,,,329,287,0.76672256,243,344,0.74998516,427,409,0.2945489,102,288,0.44603226,166,365,0.7789179,297,398,0.8082345,437,136,0.89883804,449,136,0.8308176,,,,,,
000078.jpg,,,,469,190,0.800789,,,,,,,,,,146,170,0.46382844,,,,,,,,,,340,353,0.7600597,350,409,0.77660775,362,278,0.81852317,286,353,0.78154975,383,398,0.78412503,,,,,,,,,,,,
000078.jpg,,,,156,180,0.6740221,,,,,,,,,,,,,,,,,,,,,,,,,243,398,0.8890479,,,,372,342,0.71536225,,,,,,,,,,,,,,,
000079.jpg,,,,,,,,,,,,,,,,,,,,,,,,,,,,445,301,0.24202523,119,252,0.12143941,372,176,0.106895216,446,301,0.2989924,,,,,,,,,,,,,,,
000079.jpg,,,,,,,,,,,,,,,,,,,,,,,,,,,,256,194,0.2168746,166,233,0.16835275,,,,224,251,0.111808635,,,,,,,,,,,,,,,
000080.jpg,331,134,0.96221,444,177,0.7748822,50,163,0.73928106,35,247,0.81138927,77,247,0.82672125,486,191,0.75040734,457,289,0.8353416,49,276,0.11965162,106,318,0.6009002,148,431,0.7388384,246,542,0.64397496,485,331,0.6177429,346,402,0.7599085,359,542,0.6874029,317,119,0.9469866,345,120,0.885875,416,119,0.7867824,472,133,0.93672913
000080.jpg,444,120,0.8945582,105,148,0.85916305,388,162,0.59552175,246,119,0.76557475,177,119,0.78213453,387,148,0.68997437,416,190,0.3412588,387,246,0.8239368,34,317,0.6279436,403,417,0.4988589,444,514,0.8079662,63,316,0.5120362,63,401,0.7146197,162,458,0.47692227,431,106,0.77213484,458,119,0.9291807,303,105,0.66382265,372,106,0.683609
000080.jpg,91,78,0.86038125,331,134,0.76596534,288,120,0.7637962,,,,,,,148,133,0.8218445,189,189,0.76447207,233,205,0.777691,429,316,0.5971678,232,417,0.65531164,162,529,0.7422601,359,304,0.6668765,232,387,0.5330897,63,458,0.7573931,77,77,0.9508046,92,76,0.8256747,63,91,0.8548319,118,77,0.8571508
000080.jpg,,,,,,,,,,,,,,,,,,,,,,,,,288,303,0.71496016,20,389,0.6926263,0,458,0.6791911,175,304,0.6228192,,,,,,,,,,,,,,,,,,
000081.jpg,184,124,0.83827,153,190,0.8363029,104,175,0.6649116,89,291,0.40321928,136,390,0.6232678,201,191,0.62316936,362,289,0.6832625,362,388,0.6650443,233,389,0.58198196,137,538,0.6521086,122,655,0.66944516,314,390,0.55753416,314,522,0.62415236,168,654,0.73366123,169,107,0.91337323,186,108,0.7833301,137,108,0.81266207,202,124,0.35797206
000081.jpg,266,107,0.937012,281,174,0.8122822,216,172,0.6709241,,,,,,,346,189,0.7087524,,,,,,,136,389,0.49168012,234,523,0.62663275,234,638,0.70836097,185,388,0.488905,169,522,0.7091405,314,637,0.6969628,250,91,0.8907425,282,91,0.9808594,233,107,0.5959903,299,91,0.7073021
000082.jpg,309,331,0.8455593,310,366,0.8205652,274,367,0.8974209,238,421,0.7257031,186,475,0.8020528,363,349,0.7161911,381,331,0.7916343,434,438,0.29803365,291,493,0.6455773,293,599,0.6799338,310,689,0.7515242,345,492,0.656684,345,600,0.7085289,328,707,0.80579954,292,314,0.95506495,311,314,0.80945855,275,314,0.3041147,345,331,0.8703602
000082.jpg,257,170,0.9550123,258,241,0.7899574,202,240,0.64802825,168,349,0.8568568,364,295,0.24762703,328,242,0.85452205,435,79,0.75718427,363,313,0.37425053,204,421,0.6061129,186,528,0.7670067,203,672,0.72831506,416,133,0.7110147,416,223,0.84231,433,439,0.31793416,345,152,0.47345284,362,152,0.31253412,238,153,0.114285186,310,170,1.0363303
000082.jpg,346,153,0.3773263,398,0,0.542893,362,0,0.32429537,329,62,0.6605466,327,81,0.46404725,434,0,0.6695567,,,,434,134,0.9164804,363,117,0.7622077,347,206,0.70401657,364,294,0.33578107,,,,,,,433,312,0.691171,240,152,0.8746761,275,169,0.858417,328,152,0.17378356,,,
000082.jpg,,,,,,,,,,,,,,,,,,,,,,,,,,,,,,,,,,,,,,,,,,,,,,,,,309,80,0.13670084,,,
000083.jpg,311,224,0.76520514,291,331,0.72136056,220,350,0.5352069,204,493,0.6222046,240,583,0.7899827,362,296,0.68737954,399,367,0.13891394,399,314,0.6194749,257,527,0.5085748,186,617,0.653264,239,742,0.68972987,328,512,0.36793706,326,637,0.42232805,293,744,0.37160623,292,224,0.91449314,311,207,0.7110619,255,259,0.7468337,,,
000083.jpg,,,,,,,,,,168,421,0.106534414,,,,,,,,,,,,,,,,,,,,,,,,,416,546,0.8259762,381,653,0.75714475,,,,,,,,,,,,
000083.jpg,,,,,,,,,,,,,,,,,,,,,,,,,,,,,,,,,,,,,451,314,0.5812493,453,403,0.28868562,,,,,,,,,,,,
000084.jpg,186,171,0.81221616,334,247,0.6707692,259,246,0.55982816,81,381,0.6886401,185,381,0.7248598,408,260,0.60261565,424,409,0.45049545,319,411,0.1572994,261,455,0.10714532,364,426,0.40086663,394,591,0.12876184,230,441,0.15854585,408,411,0.17630328,453,575,0.10788354,170,156,0.80223423,200,155,0.7715694,126,156,0.72246027,379,141,0.64176893
000084.jpg,320,142,0.7963013,141,246,0.49676254,82,246,0.5546136,,,,,,,201,246,0.36828822,,,,,,,155,457,0.2264277,,,,,,,,,,,,,,,,304,127,0.88753366,349,126,0.91351455,288,141,0.48367202,,,
000085.jpg,189,206,0.7792917,354,327,0.6072791,82,342,0.59355205,157,540,0.45736372,355,570,0.6349927,416,313,0.5946046,354,509,0.6418943,190,509,0.5640767,113,646,0.1749351,,,,,,,,,,,,,,,,280,189,0.89024967,218,189,0.81265974,264,220,0.63029903,235,205,0.482524
000085.jpg,310,204,0.81833476,173,327,0.7151424,280,341,0.52045846,,,,,,,265,312,0.47061485,,,,,,,,,,,,,,,,,,,,,,,,,159,189,0.85271573,326,174,0.8110067,127,203,0.71760696,371,190,0.6451613
000086.jpg,212,215,0.8321021,196,295,0.73393166,118,295,0.7008531,102,422,0.6639924,0,645,0.17216207,260,296,0.5410631,416,374,0.13971841,,,,149,534,0.42646238,102,726,0.24723765,,,,242,534,0.2639946,148,726,0.16018409,,,,196,199,0.93701196,228,200,0.81162614,165,199,0.79724926,244,215,0.6156562
000086.jpg,322,197,0.8423992,321,263,0.7191498,243,262,0.5425426,,,,166,501,0.72908986,385,278,0.7225209,,,,,,,258,470,0.18007043,,,,,,,337,485,0.24240993,,,,,,,306,168,0.85860634,338,168,0.80467343,289,182,0.8309308,368,183,0.8180768
000087.jpg,241,258,0.5738664,258,225,0.8462855,207,225,0.6607558,158,276,0.95770645,174,326,0.8057781,308,210,0.5864571,208,175,0.21451707,325,242,0.116740584,241,259,0.1984141,375,259,0.16225027,91,394,0.7904544,291,275,0.4871513,225,342,0.8552096,191,443,0.8334517,240,243,0.41056117,257,243,0.53526133,224,225,0.18313615,274,225,0.46164918
000087.jpg,376,175,0.808157,390,142,0.73915267,341,142,0.66760164,325,176,0.24495085,58,158,0.7180711,425,141,0.64216787,307,159,0.62008554,374,192,0.14386222,358,192,0.19932133,308,259,0.13938378,108,325,0.2508138,192,192,0.26922688,358,260,0.83826786,357,377,0.72821206,374,159,0.83398175,391,159,0.86100155,358,142,0.28628427,408,142,0.45596075
000087.jpg,125,157,0.754612,141,125,0.79236645,92,124,0.5409487,75,109,0.67367727,92,42,0.62618005,190,125,0.7117396,457,92,0.6797416,441,141,0.24722353,140,192,0.3712795,157,326,0.5029663,425,342,0.51776403,392,193,0.37974095,,,,,,,124,142,0.8915422,141,142,0.9761049,108,125,0.3149256,158,125,0.64201313
000087.jpg,224,91,0.70730656,225,75,0.7950902,191,74,0.6768941,157,40,0.49524894,,,,274,91,0.74480325,,,,,,,,,,,,,,,,291,158,0.19201805,,,,,,,208,75,0.6777305,225,75,0.79040086,192,74,0.29855812,241,74,0.68937343
000088.jpg,226,97,0.94657665,205,228,0.10913372,313,162,0.46022466,270,292,0.19021362,205,227,0.24713738,181,228,0.11568654,183,314,0.6562626,139,293,0.7629516,333,424,0.34390202,204,749,0.5415176,75,902,0.66861063,335,444,0.4752034,204,532,0.7865332,161,900,0.37496507,226,76,0.7833723,248,76,0.840337,205,183,0.38556612,204,184,0.16550468
000088.jpg,,,,311,163,0.63961565,,,,397,185,0.24276495,,,,290,164,0.7010254,,,,,,,,,,225,553,0.29570192,118,729,0.25464946,,,,,,,312,727,0.6838612,,,,,,,,,,311,98,0.8245611
000089.jpg,257,169,0.9857421,239,242,0.77447397,186,259,0.8128982,184,348,0.72853464,222,332,0.70686907,291,241,0.64139575,416,279,0.6762942,416,383,0.56740093,221,422,0.4829353,256,564,0.18259172,415,726,0.230114,292,420,0.53031886,327,547,0.28328976,470,707,0.45867696,239,152,0.95936346,257,116,0.84850717,220,170,0.7437464,310,99,0.8460005
000089.jpg,,,,328,187,0.81920844,292,188,0.59978485,,,,,,,364,170,0.7298747,,,,,,,327,403,0.53011346,347,563,0.428895,,,,381,386,0.5525613,433,546,0.5672296,,,,,,,,,,,,,,,
000090.jpg,239,171,0.88406384,168,260,0.58737177,167,261,0.62244093,239,349,0.8417776,151,349,0.33361426,186,259,0.40740985,310,332,0.7918056,255,367,0.56600547,238,439,0.5982919,239,601,0.5438727,222,744,0.55720717,222,439,0.12033702,346,600,0.6283167,398,761,0.6692483,221,169,0.8701049,257,153,0.88714427,220,170,0.62447995,275,169,0.82808596
000090.jpg,,,,257,242,0.81346464,,,,,,,293,296,0.8183304,310,225,0.7490576,,,,,,,,,,,,,,,,311,422,0.47505257,,,,,,,,,,,,,,,,,,
000091.jpg,294,163,0.8578353,351,209,0.7330051,327,208,0.73088163,272,286,0.79073644,282,242,0.8330309,384,217,0.75409615,395,264,0.8933013,361,253,0.7876972,328,308,0.697336,362,354,0.7858735,372,421,0.85857797,373,307,0.6575974,396,365,0.6426262,416,409,0.6472104,328,174,0.8579907,340,175,0.73555005,272,162,0.41901797,372,184,0.7858047
000091.jpg,,,,,,,,,,,,,,,,,,,,,,,,,,,,,,,,,,339,264,0.11556185,,,,,,,283,161,0.8270247,,,,,,,317,152,0.7052694
000092.jpg,296,56,0.8417018,311,81,0.76010513,288,78,0.7401087,34,64,0.38110864,56,57,0.5275971,334,87,0.70059913,356,134,0.7814715,356,184,0.79182976,295,171,0.5460998,303,239,0.5392507,86,284,0.8020047,319,177,0.5357019,326,238,0.5680457,116,283,0.7109181,78,64,0.5526173,303,49,0.96321654,,,,318,56,0.90854084
000092.jpg,139,42,0.34396917,415,71,0.82345754,393,64,0.7988238,243,64,0.8716743,280,41,0.78625494,116,87,0.8170111,124,117,0.7517157,243,155,0.8336136,77,162,0.5116565,84,224,0.6374007,55,276,0.7072111,70,155,0.13213031,116,223,0.8371695,236,277,0.6168105,295,49,0.6705096,145,41,0.31264022,,,,423,49,0.9566507
000092.jpg,402,48,0.7664746,93,86,0.8599554,64,79,0.6554821,357,49,0.7317126,387,27,0.54893416,438,79,0.7797311,446,117,0.78236824,454,149,0.7165448,394,147,0.64767563,161,209,0.8940131,153,277,0.7125697,108,162,0.59593225,228,215,0.6847623,437,268,0.40484464,138,41,0.27157807,409,42,0.8372048,,,,153,41,0.16450803
000092.jpg,79,64,0.8632765,205,63,0.73731196,131,55,0.6492011,94,42,0.6608844,116,26,0.71479076,229,71,0.67854255,243,110,0.74646306,138,139,0.70473325,183,147,0.5179314,399,208,0.5261717,416,255,0.1447195,214,148,0.55648506,431,215,0.59042567,169,262,0.31190628,401,41,0.61837655,64,34,0.8601623,,,,101,64,0.90367705
000092.jpg,191,34,0.8634717,153,56,0.61682963,176,49,0.7690243,11,35,0.7579553,40,18,0.8190075,92,57,0.37791756,,,,,,,,,,,,,,,,423,148,0.6575693,,,,,,,56,34,0.6903322,198,33,0.83007824,,,,213,35,0.8758322
000092.jpg,,,,,,,,,,139,26,0.6497249,169,18,0.7932347,169,56,0.38259533,,,,,,,,,,,,,,,,176,141,0.42121497,,,,,,,191,27,0.6449879,,,,,,,,,
000093.jpg,306,295,0.79388857,292,396,0.58809984,236,397,0.54834443,208,541,0.46440887,235,659,0.28425056,349,384,0.41479054,635,441,0.5299762,621,556,0.707281,291,659,0.13321626,,,,,,,921,613,0.14494495,,,,,,,278,281,0.84670585,320,280,0.7493848,249,294,0.53942627,335,282,0.32392284
000093.jpg,749,267,0.82831866,793,353,0.6765464,735,368,0.58508307,20,455,0.6565839,149,499,0.77033395,693,339,0.62760395,964,412,0.6409145,708,484,0.19783731,793,614,0.16819085,,,,,,,677,541,0.24085726,,,,,,,734,266,0.71120554,764,252,0.89398766,720,268,0.18504351,692,253,0.44154823
000093.jpg,550,253,0.89362335,650,338,0.56908417,607,325,0.41160515,,,,721,469,0.17835028,607,325,0.6003875,507,368,0.21253484,907,441,0.7652948,106,599,0.17218077,,,,,,,449,514,0.20879321,,,,,,,535,238,0.9192384,564,238,0.84626037,621,251,0.42456546,793,253,0.6227044
000093.jpg,650,252,0.8535904,405,325,0.67238444,335,325,0.56159645,,,,,,,862,325,0.5179117,,,,,,,364,527,0.16102897,,,,,,,578,512,0.28011528,,,,,,,636,238,0.810756,665,238,0.74924207,520,239,0.57825774,592,252,0.61445963
000093.jpg,407,238,0.88492745,549,325,0.7222765,492,312,0.47868666,,,,,,,464,324,0.63023686,,,,,,,621,485,0.13964966,,,,,,,,,,,,,,,,393,223,0.89412636,421,224,0.87309784,364,224,0.6503782,436,238,0.31046218
000093.jpg,165,209,0.80232644,150,310,0.64980286,77,310,0.49394992,,,,,,,222,309,0.47002143,,,,,,,493,485,0.27329677,,,,,,,,,,,,,,,,149,195,0.89364773,191,195,0.7729535,120,209,0.66138893,207,209,0.42714682
000094.jpg,203,152,0.8144953,151,206,0.8364807,98,206,0.7557591,96,297,0.7160679,97,386,0.83380157,204,205,0.73421365,470,295,0.7887815,452,385,0.86621404,133,366,0.6439962,151,511,0.78304136,131,654,0.73993635,417,367,0.6828942,185,511,0.7280577,168,653,0.642163,186,134,0.8723693,203,134,0.86459136,150,134,0.9268325,293,134,0.3723293
000094.jpg,275,135,0.8425159,399,189,0.80182904,345,189,0.73057777,97,0,0.15504839,,,,452,205,0.7532855,381,170,0.13814476,451,188,0.26138416,347,366,0.6145913,364,510,0.6809157,398,653,0.7279387,203,351,0.57339984,416,493,0.8293219,258,618,0.48720345,382,118,0.7682423,292,134,0.90426123,364,134,0.7847001,433,134,0.78425825
000094.jpg,399,134,0.9212762,274,187,0.75539786,221,187,0.71992755,,,,,,,311,170,0.66275126,,,,,,,239,350,0.6420586,257,493,0.76074475,258,618,0.6302366,310,350,0.5992709,310,493,0.8617916,452,583,0.6870436,,,,416,133,0.81727517,239,133,0.8763762,,,
000095.jpg,255,134,0.7899456,256,189,0.7208367,203,205,0.8098239,255,296,0.6168479,240,188,0.7014565,309,188,0.6888305,381,241,0.8383251,364,169,0.7301308,257,402,0.56539637,309,547,0.7343105,274,726,0.6966275,326,386,0.5565379,363,565,0.7556697,274,707,0.43297157,238,116,0.8972366,257,116,0.88966304,205,117,0.6516847,276,117,0.62650955
000095.jpg,,,,,,,,,,,,,,,,,,,,,,,,,,,,203,528,0.303788,,,,,,,,,,,,,,,,,,,,,,,,
000096.jpg,543,398,0.9305279,528,427,0.9417827,514,427,0.846153,514,471,0.8625791,528,500,0.87072587,601,399,0.8778473,601,455,0.7256106,601,499,0.85266334,542,499,0.82019776,543,559,0.77891153,529,630,0.80920357,586,486,0.7376353,572,558,0.6642865,544,617,0.49252316,543,384,0.8439841,587,370,0.82895166,571,369,0.7753414,600,369,0.21460563
000097.jpg,233,269,0.8384019,249,334,0.86089927,201,334,0.8884077,184,399,0.78181875,169,463,0.7810991,282,333,0.7593745,298,399,0.7560648,314,366,0.75940025,202,465,0.60017633,185,578,0.79180276,169,675,0.7300863,266,480,0.6681715,266,578,0.80997264,282,660,0.67221504,218,268,0.9105739,249,268,0.8927733,217,269,0.19811402,266,270,0.7504494
000097.jpg,168,171,0.851084,201,170,0.84077704,138,187,0.71069056,137,252,0.79236937,184,301,0.7785687,250,154,0.68434274,314,220,0.7672406,,,,216,334,0.35666463,,,,,,,281,317,0.26545137,,,,,,,152,170,0.7740629,168,154,0.8825948,,,,184,122,0.8471337
000098.jpg,542,456,0.123679474,542,224,0.110917024,204,242,0.67165774,169,332,0.102780245,452,421,0.8350446,276,241,0.6817259,221,331,0.78095037,151,296,0.8050753,133,421,0.65341425,256,565,0.7629719,257,708,0.776083,169,438,0.57563,167,581,0.7561037,150,725,0.7289462,187,170,0.113928325,203,170,0.92344743,,,,239,187,0.7647978
000098.jpg,187,188,0.9176622,256,242,0.6929203,523,225,0.7088822,488,348,0.71610415,150,312,0.11297572,,,,,,,,,,239,420,0.6044612,114,563,0.7436845,26,673,0.79024464,292,404,0.5933373,292,564,0.8332875,328,708,0.8438835,488,134,0.21562901,505,134,0.9402738,,,,542,117,0.6322245
000098.jpg,504,152,0.79642594,,,,,,,239,295,0.28984854,291,242,0.4581498,,,,,,,,,,,,,,,,,,,,,,,,,,,,,,,,,,,,,,,
000099.jpg,313,238,0.91363645,344,437,0.77398103,418,437,0.6510466,464,576,0.7003158,496,560,0.5020902,283,438,0.72727054,236,575,0.7396795,145,561,0.72679514,100,560,0.42101353,130,700,0.1306778,,,,329,667,0.37006095,52,700,0.114272386,,,,298,223,0.8334475,328,223,0.9301571,359,360,0.2379323,297,375,0.8172567
000099.jpg,,,,420,361,0.801407,53,392,0.114924,145,529,0.764366,69,499,0.44562915,52,405,0.29686525,0,483,0.489334,68,499,0.41171002,420,651,0.41626796,480,484,0.10589799,,,,434,561,0.11651134,190,700,0.22733127,,,,,,,,,,237,299,0.7678623,189,270,0.22695129
000099.jpg,,,,159,359,0.59682155,176,392,0.60252815,480,484,0.32291773,221,483,0.6905589,403,376,0.7903652,419,438,0.102559716,481,439,0.1826956,176,468,0.11556503,,,,,,,37,559,0.44924924,,,,,,,,,,,,,,,,389,299,0.90590453
000099.jpg,,,,328,285,0.5868373,450,346,0.6222195,0,483,0.2242299,481,438,0.4785817,128,315,0.6297841,,,,,,,,,,,,,,,,418,499,0.11965406,,,,,,,,,,,,,,,,,,
000099.jpg,,,,,,,282,299,0.81469476,281,422,0.35153663,,,,374,284,0.4376359,,,,,,,,,,,,,,,,,,,,,,,,,,,,,,,,,,,,
000099.jpg,,,,,,,,,,496,392,0.65405965,,,,,,,,,,,,,,,,,,,,,,,,,,,,,,,,,,,,,,,,,,
000100.jpg,243,197,0.8703554,210,261,0.6258507,180,262,0.6116729,242,326,0.30099696,226,262,0.42973328,320,245,0.8210235,304,341,0.3008021,335,372,0.19149871,149,420,0.32979226,,,,,,,195,421,0.22467121,,,,,,,257,182,0.9038114,288,181,0.77951086,194,213,0.71492344,304,182,0.92704326
000100.jpg,,,,289,245,0.735851,,,,,,,,,,,,,,,,226,325,0.1565972,258,403,0.23874725,,,,,,,304,404,0.31046018,,,,,,,,,,,,,257,182,0.28686312,,,
000101.jpg,318,131,0.85503685,335,200,0.88004935,283,200,0.75665563,266,321,0.7783043,112,392,0.7053921,388,200,0.71799904,404,320,0.7376378,404,408,0.85446566,300,391,0.57244277,318,564,0.5355188,335,721,0.37655714,369,391,0.5692295,334,564,0.525702,317,721,0.5255301,302,129,0.77991736,335,128,0.84279394,300,130,0.41151214,368,130,0.7185455
000101.jpg,197,111,0.8299538,197,182,0.8424592,144,182,0.7555612,129,303,0.7773722,265,269,0.47859567,249,182,0.7421307,370,42,0.28944975,318,0,0.3294272,163,373,0.60681885,181,548,0.6928059,197,687,0.7365339,232,373,0.5788517,232,547,0.68610924,403,582,0.1272734,180,94,0.86111885,214,95,0.9062906,163,95,0.7701163,231,96,0.6515207
000102.jpg,363,229,0.91116416,365,273,0.8097882,319,274,0.7872747,289,348,0.83866686,276,407,0.74058276,349,259,0.1538895,453,304,0.7983776,200,361,0.1484851,319,394,0.6837753,291,496,0.7151144,304,600,0.7043182,393,393,0.67647433,452,467,0.65617293,348,599,0.14669763,349,215,0.92593294,378,215,0.93557614,334,228,0.19795911,408,215,0.93134797
000102.jpg,216,111,0.77756137,186,169,0.7355431,126,154,0.6685189,230,288,0.74519384,126,361,0.7124929,423,273,0.77276516,243,274,0.30076426,423,363,0.61298454,81,304,0.47722578,155,451,0.37004837,142,585,0.5277114,170,334,0.4886098,111,438,0.52587885,498,570,0.58470404,289,200,0.8838098,245,96,0.86562014,274,214,0.2818498,334,199,0.5340469
000102.jpg,,,,,,,,,,82,273,0.71812373,259,333,0.80987346,260,184,0.6758342,,,,498,319,0.7706209,,,,,,,,,,,,,,,,0,569,0.374323,214,95,0.7930348,,,,185,82,0.76856446,260,110,0.760685
000102.jpg,,,,,,,,,,,,,,,,,,,,,,201,274,0.47534397,,,,,,,,,,,,,,,,,,,,,,,,,,,,,,
000103.jpg,435,278,0.7070326,256,313,0.8498433,203,313,1.0222424,186,403,0.9084116,168,476,0.75782555,187,296,0.1797942,310,403,0.87519264,451,367,0.15091874,222,474,0.63762504,239,600,0.68953,256,726,0.72882056,276,474,0.62935257,275,583,0.6942284,257,708,0.6399005,434,277,0.65916884,435,277,0.3108909,416,277,0.57186854,0,278,0.15484494
000103.jpg,62,277,0.9376388,416,312,0.8279294,399,313,0.87755513,399,350,0.9167249,0,385,0.13347383,292,313,0.8749453,0,367,0.4203565,310,349,0.8680735,169,385,0.2310023,452,457,0.8797067,452,528,0.90627104,203,385,0.13889472,400,458,0.7637746,0,600,0.13085826,62,261,0.95496345,79,260,0.99354935,203,278,0.4663911,80,260,0.2728451
000103.jpg,239,242,0.91552025,45,297,0.8316145,26,312,0.8997619,25,349,0.6306287,416,386,0.9335154,434,297,0.812799,435,349,0.31835485,80,279,0.6300178,416,385,0.75236183,78,457,0.8674257,80,528,0.84785,434,385,0.73865014,97,456,0.9273433,98,528,0.8524563,222,241,0.84656495,256,241,0.8237427,44,277,0.97358,274,243,0.8013865
000103.jpg,,,,,,,,,,,,,167,367,0.12296795,79,296,0.9606786,97,315,0.8843949,,,,44,385,0.93334544,,,,150,439,0.28885892,80,385,0.9000802,,,,363,510,0.8592332,,,,,,,,,,,,
000103.jpg,,,,,,,,,,,,,43,331,0.75457615,,,,,,,,,,,,,,,,,,,,,,,,,,,,,,,,,,,,,,,
000104.jpg,64,124,0.53449005,180,149,0.75401074,146,138,0.67430896,135,221,0.82565856,98,268,0.80492276,205,149,0.7104778,181,257,0.465267,135,318,0.6415406,262,245,0.47200716,215,364,0.69631505,193,485,0.663865,229,255,0.27504,380,352,0.6707734,86,459,0.2260917,64,113,0.50113577,74,113,0.53561425,,,,86,113,0.52980757
000104.jpg,145,124,0.78969896,76,126,0.6352104,52,136,0.6391993,239,219,0.721819,263,257,0.73685324,99,126,0.6293427,369,184,0.77512753,335,245,0.67796504,75,184,0.11766129,169,317,0.118297055,77,459,0.11132167,333,244,0.54914474,169,339,0.22377379,403,437,0.6082506,134,112,0.8331783,157,112,0.8636091,,,,191,102,0.6995134
000104.jpg,251,89,0.9451408,297,101,0.7741396,239,113,0.7084839,40,172,0.5935501,17,185,0.43357512,356,101,0.68573,98,172,0.5185337,52,184,0.5276031,,,,,,,,,,99,184,0.10896822,,,,,,,240,77,0.9270231,263,77,0.9243975,,,,298,65,0.94416195
000104.jpg,,,,,,,,,,333,52,0.31781122,,,,,,,,,,,,,,,,,,,,,,,,,,,,,,,,,,,,,,,,,,
000105.jpg,222,312,0.7748534,275,346,0.6984492,256,347,0.49998978,,,,,,,328,259,0.74857205,311,417,0.770752,258,435,0.8008702,398,416,0.40424836,345,667,0.2676163,345,595,0.30810174,434,400,0.5707376,346,668,0.17822045,415,649,0.61387837,205,311,0.87022007,239,293,0.9244325,239,222,0.5303822,274,277,0.70723456
000105.jpg,274,238,0.7829015,310,274,0.510977,,,,,,,,,,,,,399,347,0.8240971,328,329,0.69245505,,,,310,471,0.6810686,,,,,,,346,507,0.804451,,,,257,222,0.94763094,276,220,0.73097324,,,,,,
000106.jpg,328,210,0.8463058,160,351,0.6719674,22,351,0.50133175,,,,,,,450,366,0.580296,314,571,0.42009977,236,712,0.20365481,53,680,0.14469233,,,,,,,,,,,,,,,,312,179,0.8556945,359,179,0.8937056,52,195,0.72803056,421,180,0.7055226
000106.jpg,114,195,0.85586286,358,320,0.6035253,251,273,0.510554,,,,,,,297,352,0.42223632,405,553,0.59938735,,,,,,,,,,,,,,,,,,,,,,83,165,0.7903367,145,163,0.8664783,,,,206,179,0.80884767
000107.jpg,196,128,0.88073355,196,198,0.7729782,128,214,0.66111475,93,335,0.43282497,76,439,0.1969551,263,197,0.5990598,351,301,0.74615616,247,335,0.8553228,332,422,0.3515623,146,593,0.17957954,366,732,0.15867268,367,422,0.47721118,351,594,0.46192643,281,732,0.1133227,178,112,0.8702921,197,111,0.815381,146,129,0.7642876,214,111,0.42642158
000107.jpg,281,111,0.8671836,332,179,0.6504002,282,179,0.47211084,,,,,,,367,180,0.6908683,,,,,,,145,421,0.4366676,367,593,0.32290125,,,,231,420,0.44091266,247,577,0.25004074,349,748,0.36571777,265,94,0.86008877,298,94,0.8859824,264,94,0.13589284,333,94,0.8955242
000108.jpg,290,111,0.80705094,258,178,0.8572419,207,162,0.6694402,125,280,0.7903915,173,263,0.5727055,308,178,0.8497439,342,264,0.69477206,341,315,0.373982,223,381,0.5334846,223,535,0.62966603,224,672,0.64922863,291,382,0.63331056,291,536,0.7337304,291,705,0.62764853,274,109,0.80297273,291,109,0.8368541,241,110,0.8616786,,,
000108.jpg,,,,,,,,,,,,,209,179,0.6989547,,,,,,,,,,,,,,,,,,,,,,,,,,,,,,,,,,,,,,,
000109.jpg,327,170,0.8927101,256,242,0.75658816,169,242,0.64533997,97,313,0.77554953,133,385,0.7405726,327,242,0.7379973,381,313,0.88071954,399,402,0.84108156,204,455,0.3521473,220,564,0.18718478,239,726,0.60325694,328,439,0.4040063,347,547,0.2045635,364,725,0.40131083,310,153,0.8497942,275,170,0.91090995,221,170,0.7816238,275,188,0.10832682
000109.jpg,,,,,,,273,206,0.3454761,,,,,,,,,,,,,,,,,,,150,492,0.22148803,,,,,,,,,,,,,,,,,,,,,,,,
000110.jpg,381,543,0.8130611,292,615,0.40820053,239,649,0.385382,239,811,0.26818955,238,596,0.7251731,345,597,0.32783216,416,417,0.6982466,487,524,0.74344087,168,525,0.41017213,169,650,0.12955925,,,,398,560,0.10457565,434,631,0.64490527,434,774,0.66252154,346,525,0.85732335,381,524,0.82346284,273,525,0.7866985,,,
000110.jpg,293,240,0.9034729,257,345,0.7158618,186,364,0.60818255,202,489,0.716329,,,,328,312,0.6673586,,,,,,,,,,,,,,,,292,561,0.20727544,,,,,,,258,222,0.867625,294,222,0.81522095,205,258,0.7770664,,,
000111.jpg,204,151,0.8332439,274,207,0.688245,151,207,0.704136,150,296,0.65455735,204,314,0.60730314,329,207,0.6750101,362,332,0.7033368,346,440,0.76673126,204,438,0.52849996,222,600,0.6502966,239,744,0.47676176,293,439,0.51632583,292,600,0.45619476,274,637,0.16328032,239,116,0.9642137,274,116,0.8709472,151,134,0.77146095,293,116,0.85770595
000111.jpg,,,,185,206,0.711146,,,,,,,,,,220,206,0.6516013,,,,,,,,,,,,,,,,222,350,0.10172026,,,,,,,,,,,,,,,,,,
000112.jpg,292,241,0.78926677,292,241,0.74443936,185,207,0.54688853,167,331,0.7280462,221,260,0.7015145,344,225,0.6652334,363,296,0.6236215,363,260,0.73158365,256,385,0.5923829,240,512,0.5259483,256,673,0.5113846,311,385,0.6143145,204,565,0.19308431,204,744,0.3947359,276,224,0.74779433,309,224,0.8585016,258,222,0.4454824,326,222,0.41100407
000112.jpg,186,186,0.8075955,,,,,,,186,224,0.2743375,,,,,,,,,,,,,,,,,,,,,,,,,293,512,0.6305789,346,725,0.3495801,168,170,0.8910939,186,153,0.7771932,,,,221,134,0.91112775
000112.jpg,,,,,,,,,,,,,,,,,,,,,,,,,,,,,,,,,,,,,,,,292,601,0.18448842,,,,,,,,,,,,
000113.jpg,336,292,0.77964824,278,323,0.5981894,293,338,0.57986695,277,397,0.106190145,232,367,0.7408874,263,322,0.2909114,443,307,0.6869391,443,412,0.71674675,279,473,0.37454504,307,593,0.42587647,,,,248,473,0.34823343,261,593,0.3473165,352,683,0.26315352,322,277,0.91513836,337,277,0.5205812,292,277,0.63380796,,,
000113.jpg,397,97,0.8172415,352,187,0.80972075,278,187,0.7333701,217,277,0.7517034,,,,414,188,0.6981063,,,,,,,,,,,,,,,,383,426,0.5281827,366,563,0.5152631,,,,369,83,0.74208033,397,83,0.7383067,337,97,0.8230843,,,
000114.jpg,374,152,0.7497235,395,179,0.57156706,400,178,0.35971496,134,185,0.71243507,198,184,0.6911639,394,179,0.72037846,375,218,0.68408,348,237,0.6558798,395,238,0.25157565,159,244,0.6547687,192,298,0.43780473,395,244,0.49408704,342,250,0.5780885,355,298,0.17175654,113,114,0.86146003,380,147,0.7118964,94,120,0.85466856,388,153,0.8202333
000114.jpg,120,120,0.8020044,93,153,0.5874367,86,153,0.6387691,,,,,,,100,152,0.46655315,213,179,0.5879749,179,184,0.4274431,81,238,0.501328,218,231,0.5218776,,,,100,230,0.3830886,179,238,0.40040785,191,298,0.2765781,159,101,0.8533764,160,101,0.15941109,172,107,0.91597307,,,
000114.jpg,193,107,0.8141013,133,140,0.7590655,120,146,0.73221666,,,,,,,141,140,0.6493596,159,172,0.5697494,,,,127,212,0.24795225,,,,,,,198,211,0.41647393,231,231,0.5099114,,,,,,,198,101,0.7487316,140,107,0.8411141,,,
000114.jpg,160,106,0.719704,178,139,0.7601991,159,139,0.74453336,,,,,,,198,138,0.66282195,,,,,,,167,211,0.38385236,,,,,,,146,205,0.23211908,,,,,,,,,,,,,,,,,,
000115.jpg,343,74,0.8743486,333,117,0.7043914,308,108,0.5791064,299,118,0.54204196,335,126,0.39822504,353,118,0.63664865,325,116,0.14392266,317,110,0.13543071,273,187,0.2719571,265,291,0.10384195,,,,334,195,0.3314463,308,289,0.10650052,317,265,0.12772839,334,72,0.80371726,344,73,0.73544115,325,81,0.7023706,352,82,0.6988707
000115.jpg,274,65,0.8911626,273,99,0.64878273,264,100,0.6177291,,,,,,,282,99,0.5141778,,,,,,,,,,,,,,,,291,185,0.17706771,281,211,0.20492147,,,,265,63,0.79393953,282,56,0.853156,256,66,0.71436787,283,64,0.2087033
000116.jpg,89,271,0.91197836,187,326,0.8908442,172,326,0.68524545,159,394,0.8245141,117,422,0.5766193,214,326,0.7450506,214,423,0.9096523,144,437,0.7773082,241,422,0.49665406,339,479,0.82842714,435,617,0.506582,283,423,0.57583445,422,493,0.6266793,409,617,0.39902157,77,270,0.8267098,130,298,0.86846274,,,,215,257,0.49243042
000116.jpg,199,256,0.42370912,117,285,0.66965413,90,285,0.6511055,63,298,0.6196472,33,312,0.6940165,131,286,0.5997799,130,354,0.72050995,74,367,0.7569795,117,354,0.47301215,160,451,0.17788345,145,562,0.14746596,146,367,0.3766457,173,465,0.8783801,186,563,0.7288642,367,103,0.43234694,200,243,0.5546789,,,,145,284,0.696134
000116.jpg,380,104,0.8238432,436,131,0.7387444,380,119,0.66590875,310,104,0.74450225,339,243,0.10330756,490,132,0.6090045,505,271,0.7956228,409,270,0.4293231,367,340,0.54279554,89,438,0.5309934,20,535,0.4990198,436,354,0.54291725,62,422,0.23841569,0,521,0.27649578,,,,380,90,0.8217864,,,,421,62,0.8371039
000116.jpg,,,,,,,,,,,,,227,76,0.7815321,,,,,,,34,201,0.10787773,,,,,,,,,,,,,,,,,,,,,,,,,,,,,,
000117.jpg,356,380,0.90226763,292,446,0.5642136,226,444,0.42541108,76,576,0.67394155,269,597,0.7953328,0,967,0.15533707,399,598,0.13381715,357,554,0.15128228,139,662,0.37569422,377,685,0.75323814,313,990,0.503805,336,662,0.26552728,529,663,0.5983227,421,990,0.4734114,336,358,0.8404303,378,379,0.91904944,291,337,0.94235027,,,
000117.jpg,227,293,0.8288333,161,380,0.55367804,55,380,0.5518323,,,,,,,379,468,0.52779245,270,466,0.111593984,98,337,0.2671037,,,,,,,,,,226,619,0.12027668,,,,,,,205,271,0.9274772,248,271,0.89617765,140,250,0.76728445,,,
000117.jpg,,,,,,,,,,,,,,,,248,381,0.3998813,,,,,,,,,,,,,,,,,,,,,,,,,,,,,,,,,,,,
000118.jpg,749,430,0.84303147,750,462,0.864676,719,475,0.823766,719,523,0.7820288,705,555,0.8056922,781,462,0.8344443,796,523,0.77108413,782,556,0.866557,734,556,0.80304915,735,633,0.95084524,735,696,0.8055355,766,556,0.8230224,766,633,0.88846225,766,696,0.91774434,735,415,0.8607056,750,415,0.88493216,239,444,0.83805966,765,430,0.8446729
000118.jpg,177,415,0.9089448,611,462,0.92957675,224,463,0.81074506,580,508,0.87623745,642,539,0.45428285,641,462,0.7487212,642,508,0.79524064,641,541,0.5517782,595,541,0.75835985,658,603,0.76076835,658,665,0.8500321,626,554,0.77510947,703,604,0.7292704,704,680,0.76606,177,414,0.8899489,178,414,0.9060233,735,430,0.8146447,193,415,0.92228943
000118.jpg,673,414,0.92447025,177,460,0.82005847,147,460,0.81966466,209,508,0.8052263,580,540,0.8327337,208,460,0.76902497,271,508,0.7703607,704,540,0.37060714,658,539,0.87207425,595,602,0.8764851,148,664,0.78433496,689,539,0.79965997,627,602,0.91080266,176,664,0.77961737,610,430,0.8876097,611,430,0.9618171,162,415,0.8620578,626,430,0.90469956
000118.jpg,410,414,0.9727817,673,446,0.9268471,580,462,0.9019865,642,493,0.57129943,393,524,0.45017055,704,446,0.89748937,719,493,0.5259557,256,539,0.77305084,147,539,0.77711254,223,602,0.837587,581,650,0.73216677,192,539,0.7893713,178,602,0.8788045,626,663,0.76224726,410,414,0.90350777,255,431,0.91343576,658,414,0.86298084,379,414,0.91667384
000118.jpg,,,,332,478,0.931619,303,476,0.88490087,132,493,0.8810969,161,523,0.7522715,271,476,0.84541875,208,493,0.7870546,441,524,0.947509,316,555,0.89014906,302,602,0.9611204,316,664,0.8630133,425,524,0.8210109,425,587,0.8647697,240,649,0.77811664,,,,,,,317,446,0.7954772,,,
000118.jpg,,,,,,,,,,379,478,0.39221516,316,524,0.75700825,,,,378,523,0.8790221,178,523,0.72011685,,,,,,,,,,,,,,,,,,,,,,,,,,,,,,
000118.jpg,,,,,,,,,,300,523,0.8207645,,,,,,,,,,,,,,,,,,,,,,,,,,,,,,,,,,,,,,,,,,
000119.jpg,383,195,0.9044801,688,225,0.78680605,659,225,0.7966963,658,282,0.7989043,645,325,0.7962136,718,225,0.7660214,732,281,0.8274175,732,324,0.8242451,238,325,0.76640517,238,412,0.80228513,862,514,0.48348036,716,325,0.7628632,862,427,0.70374703,876,528,0.75929195,370,195,0.84668547,384,195,0.887548,356,195,0.7364242,398,195,0.3231933
000119.jpg,701,195,0.8600147,382,224,0.8271906,341,224,0.7875435,209,280,0.697239,790,312,0.7618934,412,224,0.8108307,905,268,0.7951236,297,282,0.2879292,673,325,0.8310021,673,397,0.8190102,238,484,0.81880116,282,325,0.81442904,282,411,0.7741768,282,471,0.80163574,688,194,0.8821781,702,194,0.88262165,674,195,0.8673025,703,195,0.55319625
000119.jpg,469,180,0.8121848,253,223,0.82082266,224,223,0.71640515,790,268,0.7720184,224,297,0.61521596,283,224,0.78994113,413,268,0.7425892,499,253,0.14156634,818,325,0.84972376,356,385,0.6833308,673,457,0.7339722,862,325,0.8214912,703,397,0.80231357,702,457,0.76417863,456,180,0.7970963,470,179,0.7736634,818,181,0.69480866,557,167,0.38514838
000119.jpg,267,181,0.9022654,456,210,0.86553425,427,210,0.77699894,413,267,0.22003439,355,268,0.554921,485,210,0.82485485,296,267,0.5200978,847,267,0.862334,355,312,0.70220494,818,384,0.5776187,528,456,0.8102913,398,312,0.7815466,398,384,0.8107116,571,457,0.7239166,254,179,0.77790797,268,180,0.7834586,442,180,0.8503368,877,165,0.76917744
000119.jpg,543,180,0.8238055,543,210,0.8977675,514,210,0.8378563,340,268,0.8125206,514,254,0.18273245,572,209,0.84397477,500,253,0.25146022,585,253,0.29750857,528,297,0.8004199,528,383,0.85218453,369,455,0.8521386,559,297,0.6902354,571,383,0.7810419,398,455,0.8623795,529,166,0.8255414,544,166,0.83434564,239,180,0.8619555,,,
000119.jpg,833,180,0.956603,833,224,0.8692745,804,224,0.94170535,501,254,0.4003421,,,,890,209,0.9056,586,253,0.73578936,413,254,0.24850616,442,297,0.80909914,442,369,0.88372743,820,440,0.39416048,484,296,0.7608025,485,369,0.898955,832,441,0.19832934,847,152,0.89889693,861,152,0.90733373,527,179,0.5774295,,,
000119.jpg,,,,,,,,,,,,,,,,,,,,,,,,,,,,,,,441,441,0.8841525,,,,,,,485,441,0.7896367,,,,,,,,,,,,
000120.jpg,,,,190,94,0.71413803,238,92,0.6620776,257,152,0.68084294,247,172,0.12345169,149,104,0.6305291,151,162,0.23721972,441,171,0.3026951,236,201,0.45167932,267,280,0.5078541,316,357,0.34081155,171,211,0.44315064,189,299,0.58030915,208,368,0.56261253,,,,,,,209,53,0.93232477,169,54,0.8223842
000120.jpg,,,,518,64,0.71403855,549,54,0.66529256,588,82,0.45146963,569,34,0.176604,480,73,0.71842724,452,142,0.56749487,,,,578,152,0.40513986,597,211,0.5002662,462,290,0.16390942,520,172,0.43011236,499,261,0.34590775,472,349,0.38888645,,,,,,,519,24,0.38261256,471,44,0.6340983
000120.jpg,,,,,,,,,,,,,,,,,,,,,,,,,597,0,0.19331186,596,63,0.17869088,617,279,0.5181911,627,0,0.32343093,645,63,0.62618184,655,112,0.7080364,,,,,,,,,,,,
000120.jpg,,,,,,,,,,,,,,,,,,,,,,,,,441,0,0.105874434,441,63,0.27018833,433,123,0.28978696,,,,,,,,,,,,,,,,,,,,,
000121.jpg,364,107,0.12105371,406,208,0.8754506,335,178,0.80519795,464,265,0.72060394,321,295,0.76717424,365,222,0.7990067,364,308,0.9369551,321,322,0.5082203,436,350,0.63672924,522,408,0.72309047,379,565,0.64709044,393,351,0.6403418,406,466,0.63431656,464,581,0.8047393,363,107,0.21888286,506,121,0.9401611,335,121,0.8072304,364,150,0.73788065
000121.jpg,492,122,1.0053625,336,164,0.6290217,436,194,0.7314658,294,237,0.7306123,435,280,0.3027677,535,193,0.90305585,578,265,0.8918785,521,266,0.72756803,321,293,0.52194077,364,408,0.70600003,464,466,0.23584923,535,322,0.588601,492,421,0.799551,536,508,0.70696557,479,107,0.7921384,,,,464,106,0.7955405,535,136,0.96814764
000121.jpg,,,,521,193,0.7704005,,,,,,,,,,350,150,0.48211417,292,180,0.14304298,,,,,,,,,,548,480,0.66061,307,294,0.4193328,321,379,0.7244292,464,466,0.65068626,,,,,,,,,,,,
000121.jpg,,,,,,,,,,,,,,,,,,,,,,,,,,,,,,,,,,,,,,,,307,465,0.7304747,,,,,,,,,,,,
000122.jpg,274,151,0.91037136,257,222,0.887904,186,222,0.7971194,151,327,0.70427483,150,400,0.8632325,452,223,0.7283946,470,346,0.8211612,452,435,0.8312686,329,418,0.54343253,186,560,0.7268459,168,719,0.70463914,400,435,0.55826193,399,560,0.7370885,399,683,0.7384474,257,149,0.86800694,275,150,0.81908584,346,150,0.23184451,292,151,0.5139171
000122.jpg,364,150,0.8637786,382,221,0.75613374,328,204,0.7099989,257,203,0.12529401,204,186,0.59815896,311,222,0.65716976,,,,,,,204,417,0.6992094,363,559,0.6887221,364,648,0.7171377,275,417,0.6609112,276,542,0.74740934,292,648,0.6785821,362,133,0.8645652,381,133,0.9575091,239,150,0.9125234,416,150,0.77322346
000123.jpg,252,153,0.8248058,325,212,0.67593247,251,213,0.59544176,211,330,0.61606324,281,434,0.5402307,397,213,0.63926107,412,344,0.24123365,439,331,0.22046298,253,450,0.22669266,,,,,,,383,462,0.15895249,,,,,,,239,125,0.9770401,268,139,0.8292447,166,257,0.7763339,340,125,0.85045916
000124.jpg,473,397,0.4222503,508,431,0.5331531,542,431,0.4191432,145,397,0.85584176,127,273,0.75214267,490,432,0.6232784,249,361,0.117097996,181,238,0.56182253,542,538,0.4054342,455,697,0.39166254,129,804,0.2136404,506,538,0.40028268,386,732,0.69274306,,,,248,149,0.89842796,489,396,0.4598775,232,168,0.39775047,506,396,0.6759081
000124.jpg,265,150,0.89566666,266,256,0.7878986,197,257,0.60932374,249,361,0.68725544,181,238,0.12943693,404,220,0.626071,233,202,0.36421224,162,151,0.38955027,404,484,0.22649261,542,643,0.1240859,,,,317,484,0.52718407,300,696,0.64920634,,,,,,,283,149,0.88417727,,,,301,184,0.93200964
000124.jpg,368,148,0.78078526,388,237,0.42769232,333,273,0.381795,,,,,,,,,,,,,,,,215,468,0.61954534,198,645,0.65569186,,,,,,,488,644,0.12919447,,,,,,,370,131,0.8235555,,,,420,132,0.87672305
000125.jpg,248,182,0.8488014,43,322,0.10994902,42,322,0.1143634,248,390,0.13487262,198,339,0.48969963,300,304,0.69274825,248,407,0.64652634,181,461,0.86306036,282,461,0.43870908,197,547,0.8020219,215,670,0.7089527,300,478,0.66638696,232,565,0.86570805,300,686,0.7052179,249,165,0.7165493,301,217,0.81288433,,,,335,234,0.7660388
000125.jpg,,,,266,251,0.72444767,300,252,0.5496941,,,,,,,233,235,0.7858561,180,304,0.8080812,197,339,0.34538418,,,,,,,,,,197,408,0.53721577,111,442,0.6869202,,,,,,,,,,,,,,,
000126.jpg,202,170,0.8224833,184,218,0.75379187,136,219,0.8071611,120,317,0.620271,105,399,0.6778622,232,204,0.7070819,394,268,0.7269812,394,350,0.7113936,152,383,0.48905024,168,545,0.7633299,281,676,0.74188894,202,382,0.55141,201,530,0.7654292,184,676,0.6865028,186,155,0.8144834,217,154,0.91018397,154,155,0.8639973,314,72,0.884555
000126.jpg,266,73,0.9381771,297,154,0.787874,219,154,0.6708295,,,,119,269,0.16277002,362,154,0.7770718,,,,,,,265,382,0.5737833,266,529,0.77169377,153,626,0.6901415,346,382,0.5865186,346,529,0.8137954,314,595,0.7242176,251,57,0.8151025,282,57,0.9559365,,,,,,
000127.jpg,72,138,0.75279146,492,204,0.10827789,474,204,0.5574381,137,284,0.7105021,136,381,0.72128284,379,205,0.6750972,56,334,0.71070445,88,447,0.6432888,442,383,0.22463566,0,497,0.11010276,202,675,0.432774,0,399,0.24070524,475,530,0.358465,474,643,0.17435852,72,122,0.7168668,104,122,0.26422352,473,154,0.18365102,426,153,0.35668173
000127.jpg,249,90,0.8792553,426,204,0.72096646,0,187,0.20335744,,,,,,,474,203,0.4501892,427,316,0.58887255,410,399,0.6352658,184,367,0.49870932,185,513,0.62105584,379,627,0.15421978,394,383,0.40182287,378,513,0.19669877,280,658,0.42913285,233,88,0.81356144,249,74,0.82729596,41,122,0.61130214,120,120,0.2971098
000127.jpg,,,,0,187,0.21794906,152,170,0.7755609,,,,,,,24,188,0.5751555,345,285,0.8741533,72,219,0.26999983,,,,,,,0,627,0.30939534,266,366,0.53372306,265,513,0.6701482,393,627,0.15987939,,,,,,,200,89,0.8368744,,,
000127.jpg,,,,217,170,0.81071913,,,,,,,,,,282,170,0.6174863,88,267,0.119566396,313,205,0.6775279,,,,,,,,,,,,,57,481,0.31184256,40,611,0.64588106,,,,,,,,,,,,
000127.jpg,,,,137,138,0.25846946,,,,,,,,,,152,138,0.24756323,,,,,,,,,,,,,,,,,,,,,,,,,,,,,,,,,,,,
000128.jpg,345,312,0.85610855,364,350,0.800476,311,367,0.66966426,275,403,0.7675667,238,456,0.6208991,417,349,0.72953624,470,402,0.56535745,504,457,0.37894556,347,474,0.64427614,327,655,0.57013196,276,583,0.6278309,418,474,0.5651793,451,528,0.5313627,452,617,0.71784586,328,295,0.98857343,362,295,0.8461511,310,313,0.8379995,381,296,0.92908657
000128.jpg,364,170,0.836234,433,258,0.6780307,363,259,0.5278872,,,,,,,505,242,0.6009943,,,,,,,,,,309,509,0.60662585,,,,,,,,,,,,,346,152,0.920287,381,134,0.930115,,,,434,117,0.8455427
000129.jpg,309,331,0.84665453,310,366,0.820851,274,367,0.8993988,238,421,0.7253755,186,475,0.8024306,363,349,0.7211987,381,331,0.78919894,434,438,0.26712397,291,493,0.6425194,293,599,0.6778619,310,689,0.75193983,345,492,0.65421563,345,600,0.7066207,328,707,0.8046066,292,314,0.9550074,311,314,0.80976856,275,314,0.3034123,345,331,0.8721478
000129.jpg,257,170,0.95384437,258,241,0.78855765,202,240,0.647608,168,349,0.856927,364,295,0.24644126,328,242,0.8534851,435,79,0.7571996,363,313,0.3707993,204,421,0.6047007,186,528,0.76642376,203,672,0.7282466,416,133,0.71158767,416,223,0.8414284,433,439,0.35345507,345,152,0.46728802,362,152,0.30786845,238,153,0.10886771,310,170,1.03499
000129.jpg,346,153,0.3725798,398,0,0.5447357,347,0,0.32738516,329,62,0.66273993,327,81,0.4644707,434,0,0.6700709,,,,434,134,0.9166505,363,117,0.7623906,347,206,0.7065101,363,279,0.34172887,,,,,,,433,312,0.6911979,240,152,0.87445754,275,169,0.85745054,328,152,0.17182797,,,
000129.jpg,,,,,,,,,,,,,,,,,,,,,,,,,,,,,,,,,,,,,,,,,,,,,,,,,309,80,0.1359546,,,
000130.jpg,221,274,0.82116383,223,366,0.6192283,159,351,0.4373306,99,320,0.39511424,84,335,0.12473005,312,382,0.6093184,313,523,0.3587016,267,677,0.14814869,312,460,0.26768923,,,,,,,223,602,0.10562561,,,,,,,191,258,0.745754,237,257,0.9032709,175,274,0.6109811,268,257,0.8227499
000130.jpg,343,210,0.9243681,513,288,0.65583473,513,274,0.108636685,,,,,,,52,287,0.649543,513,414,0.5057793,451,524,0.60814667,83,351,0.33781275,,,,,,,404,475,0.40517983,,,,,,,328,180,0.8097896,373,194,0.69443274,83,241,0.11120438,482,227,0.14775611
000130.jpg,,,,68,274,0.7551334,98,274,0.61810935,,,,,,,450,288,0.73823524,38,334,0.51535183,,,,,,,,,,,,,53,351,0.39714092,,,,,,,,,,,,,513,240,0.20067938,53,242,0.65271306
000130.jpg,,,,359,273,0.75821877,283,273,0.5607472,,,,,,,,,,,,,,,,,,,,,,,,,,,,,,,,,,,,,,,,298,194,0.46427435,403,210,0.6126519
000131.jpg,257,259,0.9205444,240,314,0.73589104,133,277,0.63286203,132,296,0.78259915,150,475,0.111878015,310,314,0.7928195,327,421,0.7793334,345,547,0.49393472,185,564,0.6072349,238,725,0.60652214,98,582,0.665262,273,565,0.5659394,239,726,0.4183603,149,582,0.22089176,239,242,0.9372922,274,242,0.91774386,150,241,0.8161119,292,242,0.41910002
000131.jpg,,,,168,278,0.6393585,,,,,,,203,312,0.67449856,187,278,0.44518682,,,,256,314,0.35069695,98,385,0.694858,116,457,0.6717408,,,,167,385,0.46967664,,,,,,,,,,,,,,,,204,241,0.34268203
000132.jpg,164,223,0.8902466,307,282,0.56260186,106,295,0.68982744,79,383,0.6564494,134,470,0.45381558,379,324,0.58376735,362,454,0.4289167,235,426,0.59369934,135,485,0.3545992,51,614,0.14724606,,,,222,498,0.48043877,249,642,0.43961635,307,555,0.46192867,149,195,0.8099394,350,196,0.83256555,120,195,0.71888345,392,225,0.797019
000132.jpg,307,210,0.7940155,178,282,0.783081,235,267,0.40460745,,,,,,,250,281,0.6298438,292,355,0.71390766,,,,236,442,0.17549191,,,,,,,320,469,0.30978316,379,528,0.54101413,,,,306,180,0.89606947,192,196,0.7813284,291,166,0.19768372,221,208,0.7074134
000133.jpg,220,180,0.84491825,207,280,0.5682467,135,296,0.5549257,151,455,0.6625836,264,411,0.5715833,308,266,0.63185453,307,354,0.63797134,292,426,0.6904188,178,468,0.18152536,164,526,0.24261189,249,599,0.5563979,335,397,0.50449866,321,499,0.6832068,320,613,0.69763964,179,165,0.7815461,235,151,0.7456215,150,194,0.80727977,305,181,0.6669286
000133.jpg,,,,294,253,0.42529124,278,252,0.42622256,,,,,,,,,,,,,,,,279,397,0.34249884,264,496,0.539565,,,,,,,,,,,,,,,,,,,,,,250,165,0.13563803
000134.jpg,315,138,1.0364377,379,283,0.47428852,331,269,0.38886884,72,462,0.7018209,104,594,0.56723565,428,284,0.51255864,,,,,,,171,593,0.26828545,,,,,,,298,578,0.15200672,,,,,,,284,106,0.744497,346,122,0.7985836,234,137,0.72042096,395,138,0.7328832
000134.jpg,,,,217,268,0.64452595,136,268,0.5904102,,,,,,,283,268,0.5187168,,,,,,,,,,,,,,,,,,,,,,,,,,,,,,,,,,,,
